Date,Time,Country,League,Home,Away,FT_Odd_H,FT_Odd_D,FT_Odd_A,FT_Odd_Over25,FT_Odd_Under25,FT_Odd_BTTS_Yes,Odd_BTTS_No,Country_League,ROUND,Liga
19.08.2023,14:00,ENGLAND,PREMIER LEAGUE - ROUND 2,Fulham,Brentford,"2,7","3,4","2,63","1,95","1,95","1,7","2,05",ENGLAND - PREMIER LEAGUE,PREMIER LEAGUE,ENGLAND
19.08.2023,14:00,ENGLAND,PREMIER LEAGUE - ROUND 2,Liverpool,Bournemouth,"1,2",7,13,"1,33","3,4","1,75",2,ENGLAND - PREMIER LEAGUE,PREMIER LEAGUE,ENGLAND
19.08.2023,14:00,ENGLAND,PREMIER LEAGUE - ROUND 2,Wolves,Brighton,"3,8","3,75","1,91","1,73","2,1","1,67","2,1",ENGLAND - PREMIER LEAGUE,PREMIER LEAGUE,ENGLAND
19.08.2023,16:30,ENGLAND,PREMIER LEAGUE - ROUND 2,Tottenham,Manchester Utd,"2,8","3,6","2,38","1,57","2,38","1,5","2,5",ENGLAND - PREMIER LEAGUE,PREMIER LEAGUE,ENGLAND
19.08.2023,19:00,ENGLAND,PREMIER LEAGUE - ROUND 2,Manchester City,Newcastle,"1,67",4,5,"1,73","2,1","1,7","2,05",ENGLAND - PREMIER LEAGUE,PREMIER LEAGUE,ENGLAND
19.08.2023,18:45,EUROPE,CHAMPIONS LEAGUE - QUALIFICATION - SEMI-FINALS,AEK Athens FC (Gre),D. Zagreb (Cro),"1,91","3,4",4,"2,05","1,8","1,83","1,83",EUROPE - CHAMPIONS LEAGUE - QUALIFICATION,QUALIFICATION,EUROPE - CHAMPIONS LEAGUE
19.08.2023,17:00,FRANCE,LIGUE 1 - ROUND 2,Lyon,Montpellier,"1,7","4,2","4,5","1,57","2,38","1,57","2,25",FRANCE - LIGUE 1,LIGUE 1,FRANCE
19.08.2023,19:00,FRANCE,LIGUE 1 - ROUND 2,Toulouse,Paris SG,5,"4,2","1,65","1,57","2,38","1,62","2,2",FRANCE - LIGUE 1,LIGUE 1,FRANCE
19.08.2023,13:30,GERMANY,BUNDESLIGA - ROUND 1,Augsburg,B. Monchengladbach,"2,7","3,75","2,45","1,62","2,3","1,5","2,5",GERMANY - BUNDESLIGA,BUNDESLIGA,GERMANY
19.08.2023,13:30,GERMANY,BUNDESLIGA - ROUND 1,Bayer Leverkusen,RB Leipzig,"2,45","3,6","2,75","1,67","2,2","1,57","2,25",GERMANY - BUNDESLIGA,BUNDESLIGA,GERMANY
19.08.2023,13:30,GERMANY,BUNDESLIGA - ROUND 1,Hoffenheim,Freiburg,"2,25","3,6",3,"1,67","2,2","1,53","2,38",GERMANY - BUNDESLIGA,BUNDESLIGA,GERMANY
19.08.2023,13:30,GERMANY,BUNDESLIGA - ROUND 1,Stuttgart,Bochum,"1,65","4,33","4,75","1,62","2,3","1,67","2,1",GERMANY - BUNDESLIGA,BUNDESLIGA,GERMANY
19.08.2023,13:30,GERMANY,BUNDESLIGA - ROUND 1,Wolfsburg,Heidenheim,"1,6","4,2","5,25","1,62","2,3","1,67","2,1",GERMANY - BUNDESLIGA,BUNDESLIGA,GERMANY
19.08.2023,16:30,GERMANY,BUNDESLIGA - ROUND 1,Dortmund,FC Koln,"1,4",5,7,"1,44","2,75","1,62","2,2",GERMANY - BUNDESLIGA,BUNDESLIGA,GERMANY
19.08.2023,16:30,ITALY,SERIE A - ROUND 1,Empoli,Verona,"2,25","3,2","3,3","2,1","1,73","1,8","1,95",ITALY - SERIE A,SERIE A,ITALY
19.08.2023,16:30,ITALY,SERIE A - ROUND 1,Frosinone,Napoli,"9,5","5,25","1,33","1,67","2,2",2,"1,75",ITALY - SERIE A,SERIE A,ITALY
19.08.2023,18:45,ITALY,SERIE A - ROUND 1,Genoa,Fiorentina,"3,4","3,25","2,2","2,1","1,73","1,8","1,95",ITALY - SERIE A,SERIE A,ITALY
19.08.2023,18:45,ITALY,SERIE A - ROUND 1,Inter,Monza,"1,4",5,"7,5","1,57","2,38","1,8","1,95",ITALY - SERIE A,SERIE A,ITALY
19.08.2023,14:30,NETHERLANDS,EREDIVISIE - ROUND 2,Excelsior,Ajax,12,"6,5","1,22","1,29","3,6","1,62","2,2",NETHERLANDS - EREDIVISIE,EREDIVISIE,NETHERLANDS
19.08.2023,16:45,NETHERLANDS,EREDIVISIE - ROUND 2,Vitesse,PSV,6,4,"1,57","1,57","2,35","1,62","2,2",NETHERLANDS - EREDIVISIE,EREDIVISIE,NETHERLANDS
19.08.2023,18:00,NETHERLANDS,EREDIVISIE - ROUND 2,Sittard,Almere City,"1,91","3,6",4,"1,6","2,3","1,53","2,38",NETHERLANDS - EREDIVISIE,EREDIVISIE,NETHERLANDS
19.08.2023,19:00,NETHERLANDS,EREDIVISIE - ROUND 2,G.A. Eagles,FC Volendam,"1,67",4,5,"1,6","2,3","1,62","2,2",NETHERLANDS - EREDIVISIE,EREDIVISIE,NETHERLANDS
19.08.2023,15:00,SPAIN,LALIGA - ROUND 2,Real Sociedad,Celta Vigo,"1,73","3,4","5,5","2,38","1,57","2,2","1,62",SPAIN - LALIGA,LALIGA,SPAIN
19.08.2023,17:30,SPAIN,LALIGA - ROUND 2,Almeria,Real Madrid,"8,5","4,75","1,4","1,62","2,3","1,91","1,91",SPAIN - LALIGA,LALIGA,SPAIN
19.08.2023,19:30,SPAIN,LALIGA - ROUND 2,Osasuna,Ath Bilbao,"2,9",3,"2,7","2,38","1,57","1,95","1,8",SPAIN - LALIGA,LALIGA,SPAIN
19.08.2023,08:00,WORLD,WORLD CUP WOMEN - PLAY OFFS - 3RD PLACE,Sweden W,Australia W,"2,55","3,4","2,75","1,85",2,"1,67","2,1",WORLD - WORLD CUP WOMEN - PLAY OFFS,PLAY OFFS,WORLD - WORLD CUP WOMEN
19.08.2023,12:30,AFRICA,CAF CHAMPIONS LEAGUE - QUALIFICATION - SEMI-FINALS,Djabal (Com),Orlando Pirates (Rsa),"2,55","3,4","2,75","1,85",2,"1,67","2,1",AFRICA - CAF CHAMPIONS LEAGUE - QUALIFICATION,QUALIFICATION,AFRICA - CAF CHAMPIONS LEAGUE
19.08.2023,13:00,AFRICA,CAF CHAMPIONS LEAGUE - QUALIFICATION - SEMI-FINALS,African Stars (Nam),Power Dynamos (Zam),"2,55","3,4","2,75","1,85",2,"1,67","2,1",AFRICA - CAF CHAMPIONS LEAGUE - QUALIFICATION,QUALIFICATION,AFRICA - CAF CHAMPIONS LEAGUE
19.08.2023,13:00,AFRICA,CAF CHAMPIONS LEAGUE - QUALIFICATION - SEMI-FINALS,APR (Rwa),Gaadiidka (Som),"2,55","3,4","2,75","1,85",2,"1,67","2,1",AFRICA - CAF CHAMPIONS LEAGUE - QUALIFICATION,QUALIFICATION,AFRICA - CAF CHAMPIONS LEAGUE
19.08.2023,14:00,AFRICA,CAF CHAMPIONS LEAGUE - QUALIFICATION - SEMI-FINALS,Real Bamako (Mli),Cotonsport (Cmr),"2,55","3,4","2,75","1,85",2,"1,67","2,1",AFRICA - CAF CHAMPIONS LEAGUE - QUALIFICATION,QUALIFICATION,AFRICA - CAF CHAMPIONS LEAGUE
19.08.2023,14:30,AFRICA,CAF CHAMPIONS LEAGUE - QUALIFICATION - SEMI-FINALS,Centre Sportif Bendje (Gab),Bumamuru (Bur),"2,55","3,4","2,75","1,85",2,"1,67","2,1",AFRICA - CAF CHAMPIONS LEAGUE - QUALIFICATION,QUALIFICATION,AFRICA - CAF CHAMPIONS LEAGUE
19.08.2023,16:00,AFRICA,CAF CHAMPIONS LEAGUE - QUALIFICATION - SEMI-FINALS,Bo Rangers (Sie),LISCR FC (Lbr),"2,55","3,4","2,75","1,85",2,"1,67","2,1",AFRICA - CAF CHAMPIONS LEAGUE - QUALIFICATION,QUALIFICATION,AFRICA - CAF CHAMPIONS LEAGUE
19.08.2023,18:00,AFRICA,CAF CHAMPIONS LEAGUE - QUALIFICATION - SEMI-FINALS,Wau Salaam (Ssu),Al-Hilal Omdurman (Sud),"2,55","3,4","2,75","1,85",2,"1,67","2,1",AFRICA - CAF CHAMPIONS LEAGUE - QUALIFICATION,QUALIFICATION,AFRICA - CAF CHAMPIONS LEAGUE
19.08.2023,12:00,AFRICA,CAF CONFEDERATION CUP - QUALIFICATION - SEMI-FINALS,Kakamega Homeboyz (Ken),Al Hilal Benghazi (Lby),"2,55","3,4","2,75","1,85",2,"1,67","2,1",AFRICA - CAF CONFEDERATION CUP - QUALIFICATION,QUALIFICATION,AFRICA - CAF CONFEDERATION CUP
19.08.2023,12:30,AFRICA,CAF CONFEDERATION CUP - QUALIFICATION - SEMI-FINALS,Haidob Al Nuhod (Sud),Al Merreikh Juba (Ssu),"2,55","3,4","2,75","1,85",2,"1,67","2,1",AFRICA - CAF CONFEDERATION CUP - QUALIFICATION,QUALIFICATION,AFRICA - CAF CONFEDERATION CUP
19.08.2023,13:00,AFRICA,CAF CONFEDERATION CUP - QUALIFICATION - SEMI-FINALS,Ferroviario Maputo (Moz),Belle Lumiere (Com),"2,55","3,4","2,75","1,85",2,"1,67","2,1",AFRICA - CAF CONFEDERATION CUP - QUALIFICATION,QUALIFICATION,AFRICA - CAF CONFEDERATION CUP
19.08.2023,13:00,AFRICA,CAF CONFEDERATION CUP - QUALIFICATION - SEMI-FINALS,Sekhukhune (Rsa),Young Buffaloes (Esw),"2,55","3,4","2,75","1,85",2,"1,67","2,1",AFRICA - CAF CONFEDERATION CUP - QUALIFICATION,QUALIFICATION,AFRICA - CAF CONFEDERATION CUP
19.08.2023,15:00,AFRICA,CAF CONFEDERATION CUP - QUALIFICATION - SEMI-FINALS,Bendel (Nga),ASO Chlef (Alg),"2,55","3,4","2,75","1,85",2,"1,67","2,1",AFRICA - CAF CONFEDERATION CUP - QUALIFICATION,QUALIFICATION,AFRICA - CAF CONFEDERATION CUP
19.08.2023,15:00,AFRICA,CAF CONFEDERATION CUP - QUALIFICATION - SEMI-FINALS,Cano Sport (Gnq),FC Muza (Zam),"2,55","3,4","2,75","1,85",2,"1,67","2,1",AFRICA - CAF CONFEDERATION CUP - QUALIFICATION,QUALIFICATION,AFRICA - CAF CONFEDERATION CUP
19.08.2023,15:30,AFRICA,CAF CONFEDERATION CUP - QUALIFICATION - SEMI-FINALS,Douanes Niamey (Nig),Kallon (Sie),"2,55","3,4","2,75","1,85",2,"1,67","2,1",AFRICA - CAF CONFEDERATION CUP - QUALIFICATION,QUALIFICATION,AFRICA - CAF CONFEDERATION CUP
19.08.2023,16:00,AFRICA,CAF CONFEDERATION CUP - QUALIFICATION - SEMI-FINALS,ASC Kara (Tog),Academie de FAD (Ivo),"2,55","3,4","2,75","1,85",2,"1,67","2,1",AFRICA - CAF CONFEDERATION CUP - QUALIFICATION,QUALIFICATION,AFRICA - CAF CONFEDERATION CUP
19.08.2023,16:00,AFRICA,CAF CONFEDERATION CUP - QUALIFICATION - SEMI-FINALS,Milo FC (Gui),Dreams (Gha),"2,55","3,4","2,75","1,85",2,"1,67","2,1",AFRICA - CAF CONFEDERATION CUP - QUALIFICATION,QUALIFICATION,AFRICA - CAF CONFEDERATION CUP
19.08.2023,17:00,AFRICA,CAF CONFEDERATION CUP - QUALIFICATION - SEMI-FINALS,Douane (Mrt),SOAR (Gui),"2,55","3,4","2,75","1,85",2,"1,67","2,1",AFRICA - CAF CONFEDERATION CUP - QUALIFICATION,QUALIFICATION,AFRICA - CAF CONFEDERATION CUP
19.08.2023,00:00,ARGENTINA,COPA DE LA LIGA PROFESIONAL - ROUND 1,Boca Juniors,Platense,"1,8","3,3","4,75","2,88","1,4","2,5","1,5",ARGENTINA - COPA DE LA LIGA PROFESIONAL,COPA DE LA LIGA PROFESIONAL,ARGENTINA
19.08.2023,19:30,ARGENTINA,COPA DE LA LIGA PROFESIONAL - ROUND 1,Independiente,Colon Santa Fe,"2,05","3,1",4,"2,7","1,44","2,25","1,57",ARGENTINA - COPA DE LA LIGA PROFESIONAL,COPA DE LA LIGA PROFESIONAL,ARGENTINA
19.08.2023,22:00,ARGENTINA,COPA DE LA LIGA PROFESIONAL - ROUND 1,Gimnasia L.P.,Talleres Cordoba,"3,5","3,5","2,05","2,3","1,6",2,"1,73",ARGENTINA - COPA DE LA LIGA PROFESIONAL,COPA DE LA LIGA PROFESIONAL,ARGENTINA
19.08.2023,18:00,ARGENTINA,PRIMERA NACIONAL - ROUND 26,Brown Adrogue,Deportivo Madryn,"2,25","2,75",4,"2,88","1,4","2,25","1,57",ARGENTINA - PRIMERA NACIONAL,PRIMERA NACIONAL,ARGENTINA
19.08.2023,18:00,ARGENTINA,PRIMERA NACIONAL - ROUND 26,CA Estudiantes,Atl. Rafaela,"2,38","3,1","3,2","2,5","1,5","2,1","1,67",ARGENTINA - PRIMERA NACIONAL,PRIMERA NACIONAL,ARGENTINA
19.08.2023,18:00,ARGENTINA,PRIMERA NACIONAL - ROUND 26,Tristan Suarez,Aldosivi,"2,1","3,6","3,3","2,15","1,67","1,91","1,8",ARGENTINA - PRIMERA NACIONAL,PRIMERA NACIONAL,ARGENTINA
19.08.2023,19:00,ARGENTINA,PRIMERA NACIONAL - ROUND 26,Atletico Atlanta,Chacarita Juniors,"3,3","3,1","2,3","2,5","1,5","2,1","1,67",ARGENTINA - PRIMERA NACIONAL,PRIMERA NACIONAL,ARGENTINA
19.08.2023,22:10,ARGENTINA,PRIMERA NACIONAL - ROUND 26,Ferro,Ind. Rivadavia,"2,7","3,2","2,7","2,35","1,57",2,"1,73",ARGENTINA - PRIMERA NACIONAL,PRIMERA NACIONAL,ARGENTINA
19.08.2023,23:00,ARGENTINA,PRIMERA NACIONAL - ROUND 26,Quilmes,Villa Dalmine,"1,4","4,2","9,5","2,05","1,75","2,25","1,57",ARGENTINA - PRIMERA NACIONAL,PRIMERA NACIONAL,ARGENTINA
19.08.2023,19:00,ARGENTINA,TORNEO FEDERAL - ROUND 26,Crucero del Norte,Sarmiento Resistencia,"1,4","4,2","9,5","2,05","1,75","2,25","1,57",ARGENTINA - TORNEO FEDERAL,TORNEO FEDERAL,ARGENTINA
19.08.2023,19:00,ARGENTINA,TORNEO FEDERAL - ROUND 26,Union Sunchales,Defensores Belgrano VR,"1,4","4,2","9,5","2,05","1,75","2,25","1,57",ARGENTINA - TORNEO FEDERAL,TORNEO FEDERAL,ARGENTINA
19.08.2023,22:00,ARGENTINA,TORNEO FEDERAL - ROUND 26,Santamarina,Olimpo Bahia Blanca,"1,4","4,2","9,5","2,05","1,75","2,25","1,57",ARGENTINA - TORNEO FEDERAL,TORNEO FEDERAL,ARGENTINA
19.08.2023,13:00,ARMENIA,PREMIER LEAGUE - ROUND 4,Van,Ararat Yerevan,"1,4","4,2","9,5","2,05","1,75","2,25","1,57",ARMENIA - PREMIER LEAGUE,PREMIER LEAGUE,ARMENIA
19.08.2023,15:00,ARMENIA,PREMIER LEAGUE - ROUND 4,BKMA,Alashkert,"1,4","4,2","9,5","2,05","1,75","2,25","1,57",ARMENIA - PREMIER LEAGUE,PREMIER LEAGUE,ARMENIA
19.08.2023,09:00,ASIA,AFF CHAMPIONSHIP U23 - ROUND 2,Myanmar U23,Cambodia U23,"1,4","4,2","9,5","2,05","1,75","2,25","1,57",ASIA - AFF CHAMPIONSHIP U23,AFF CHAMPIONSHIP U23,ASIA
19.08.2023,13:00,ASIA,AFF CHAMPIONSHIP U23 - ROUND 2,Brunei U23,Thailand U23,"1,4","4,2","9,5","2,05","1,75","2,25","1,57",ASIA - AFF CHAMPIONSHIP U23,AFF CHAMPIONSHIP U23,ASIA
19.08.2023,04:00,AUSTRALIA,NPL ACT - ROUND 19,West Canberra Wanderers,Tuggeranong Utd,"1,4","4,2","9,5","2,05","1,75","2,25","1,57",AUSTRALIA - NPL ACT,NPL ACT,AUSTRALIA
19.08.2023,05:00,AUSTRALIA,NPL ACT - ROUND 19,Canberra Olympic,Tigers FC,"1,4","4,2","9,5","2,05","1,75","2,25","1,57",AUSTRALIA - NPL ACT,NPL ACT,AUSTRALIA
19.08.2023,07:30,AUSTRALIA,NPL ACT - ROUND 19,Canberra Croatia,Monaro Panthers,"1,4","4,2","9,5","2,05","1,75","2,25","1,57",AUSTRALIA - NPL ACT,NPL ACT,AUSTRALIA
19.08.2023,03:00,AUSTRALIA,NPL NORTHERN NSW - PLAY OFFS - 1/8-FINALS,Maitland,Weston Workers,"1,4","4,2","9,5","2,05","1,75","2,25","1,57",AUSTRALIA - NPL NORTHERN NSW - PLAY OFFS,PLAY OFFS,AUSTRALIA - NPL NORTHERN NSW
19.08.2023,07:30,AUSTRALIA,NPL NSW - ROUND 29,NWS Spirit,APIA Leichhardt,"1,4","4,2","9,5","2,05","1,75","2,25","1,57",AUSTRALIA - NPL NSW,NPL NSW,AUSTRALIA
19.08.2023,08:30,AUSTRALIA,NPL NSW - ROUND 29,Sutherland Sharks,Bulls Academy,"1,4","4,2","9,5","2,05","1,75","2,25","1,57",AUSTRALIA - NPL NSW,NPL NSW,AUSTRALIA
19.08.2023,09:00,AUSTRALIA,NPL NSW - ROUND 29,Marconi Stallions,Sydney Olympic,"1,4","4,2","9,5","2,05","1,75","2,25","1,57",AUSTRALIA - NPL NSW,NPL NSW,AUSTRALIA
19.08.2023,05:30,AUSTRALIA,NPL SOUTH AUSTRALIAN - PLAY OFFS - QUARTER-FINALS,Adelaide City,Modbury Jets,"1,4","4,2","9,5","2,05","1,75","2,25","1,57",AUSTRALIA - NPL SOUTH AUSTRALIAN - PLAY OFFS,PLAY OFFS,AUSTRALIA - NPL SOUTH AUSTRALIAN
19.08.2023,05:30,AUSTRALIA,NPL SOUTH AUSTRALIAN - PLAY OFFS - QUARTER-FINALS,Adelaide U21,Adelaide Comets,"1,4","4,2","9,5","2,05","1,75","2,25","1,57",AUSTRALIA - NPL SOUTH AUSTRALIAN - PLAY OFFS,PLAY OFFS,AUSTRALIA - NPL SOUTH AUSTRALIAN
19.08.2023,04:30,AUSTRALIA,NPL TASMANIA - ROUND 18,Kingborough Lions,Launceston,"1,4","4,2","9,5","2,05","1,75","2,25","1,57",AUSTRALIA - NPL TASMANIA,NPL TASMANIA,AUSTRALIA
19.08.2023,06:30,AUSTRALIA,NPL TASMANIA - ROUND 18,Launceston United,Clarence Zebras,"1,4","4,2","9,5","2,05","1,75","2,25","1,57",AUSTRALIA - NPL TASMANIA,NPL TASMANIA,AUSTRALIA
19.08.2023,06:30,AUSTRALIA,NPL TASMANIA - ROUND 18,Riverside Olympic,Devonport,"1,4","4,2","9,5","2,05","1,75","2,25","1,57",AUSTRALIA - NPL TASMANIA,NPL TASMANIA,AUSTRALIA
19.08.2023,05:00,AUSTRALIA,NPL VICTORIA - ROUND 26,Avondale FC,Bentleigh Greens,"1,4","4,2","9,5","2,05","1,75","2,25","1,57",AUSTRALIA - NPL VICTORIA,NPL VICTORIA,AUSTRALIA
19.08.2023,05:00,AUSTRALIA,NPL VICTORIA - ROUND 26,Dandenong Thunder,Hume City,"1,4","4,2","9,5","2,05","1,75","2,25","1,57",AUSTRALIA - NPL VICTORIA,NPL VICTORIA,AUSTRALIA
19.08.2023,05:00,AUSTRALIA,NPL VICTORIA - ROUND 26,Heidelberg Utd,Melbourne Knights,"1,4","4,2","9,5","2,05","1,75","2,25","1,57",AUSTRALIA - NPL VICTORIA,NPL VICTORIA,AUSTRALIA
19.08.2023,05:00,AUSTRALIA,NPL VICTORIA - ROUND 26,North Geelong,South Melbourne,"1,4","4,2","9,5","2,05","1,75","2,25","1,57",AUSTRALIA - NPL VICTORIA,NPL VICTORIA,AUSTRALIA
19.08.2023,05:00,AUSTRALIA,NPL VICTORIA - ROUND 26,Oakleigh Cannons,Moreland City,"1,4","4,2","9,5","2,05","1,75","2,25","1,57",AUSTRALIA - NPL VICTORIA,NPL VICTORIA,AUSTRALIA
19.08.2023,05:00,AUSTRALIA,NPL VICTORIA - ROUND 26,Port Melbourne Sharks,Altona Magic,"1,4","4,2","9,5","2,05","1,75","2,25","1,57",AUSTRALIA - NPL VICTORIA,NPL VICTORIA,AUSTRALIA
19.08.2023,05:00,AUSTRALIA,NPL VICTORIA - ROUND 26,St Albans,Green Gully,"1,4","4,2","9,5","2,05","1,75","2,25","1,57",AUSTRALIA - NPL VICTORIA,NPL VICTORIA,AUSTRALIA
19.08.2023,07:00,AUSTRALIA,NPL WESTERN AUSTRALIA - ROUND 21,Balcatta,Armadale,"1,4","4,2","9,5","2,05","1,75","2,25","1,57",AUSTRALIA - NPL WESTERN AUSTRALIA,NPL WESTERN AUSTRALIA,AUSTRALIA
19.08.2023,07:00,AUSTRALIA,NPL WESTERN AUSTRALIA - ROUND 21,Floreat Athena,Bayswater,"1,4","4,2","9,5","2,05","1,75","2,25","1,57",AUSTRALIA - NPL WESTERN AUSTRALIA,NPL WESTERN AUSTRALIA,AUSTRALIA
19.08.2023,07:00,AUSTRALIA,NPL WESTERN AUSTRALIA - ROUND 21,Inglewood Utd,Cockburn City,"1,4","4,2","9,5","2,05","1,75","2,25","1,57",AUSTRALIA - NPL WESTERN AUSTRALIA,NPL WESTERN AUSTRALIA,AUSTRALIA
19.08.2023,07:00,AUSTRALIA,NPL WESTERN AUSTRALIA - ROUND 21,Olympic Kingsway,Sorrento,"1,4","4,2","9,5","2,05","1,75","2,25","1,57",AUSTRALIA - NPL WESTERN AUSTRALIA,NPL WESTERN AUSTRALIA,AUSTRALIA
19.08.2023,07:00,AUSTRALIA,NPL WESTERN AUSTRALIA - ROUND 21,Perth Glory U21,Perth RedStar,"1,4","4,2","9,5","2,05","1,75","2,25","1,57",AUSTRALIA - NPL WESTERN AUSTRALIA,NPL WESTERN AUSTRALIA,AUSTRALIA
19.08.2023,07:00,AUSTRALIA,NPL WESTERN AUSTRALIA - ROUND 21,Stirling Macedonia,Perth SC,"1,4","4,2","9,5","2,05","1,75","2,25","1,57",AUSTRALIA - NPL WESTERN AUSTRALIA,NPL WESTERN AUSTRALIA,AUSTRALIA
19.08.2023,15:00,AUSTRIA,BUNDESLIGA - ROUND 4,A. Lustenau,Sturm Graz,6,"4,5","1,5","1,53","2,4","1,67","2,1",AUSTRIA - BUNDESLIGA,BUNDESLIGA,AUSTRIA
19.08.2023,15:00,AUSTRIA,BUNDESLIGA - ROUND 4,Tirol,LASK,5,4,"1,67","1,53","2,4","1,53","2,38",AUSTRIA - BUNDESLIGA,BUNDESLIGA,AUSTRIA
19.08.2023,17:30,AUSTRIA,BUNDESLIGA - ROUND 4,A. Klagenfurt,Altach,"1,75","3,75","4,33","1,7","2,1","1,67","2,1",AUSTRIA - BUNDESLIGA,BUNDESLIGA,AUSTRIA
19.08.2023,12:30,AUSTRIA,2. LIGA - ROUND 4,Dornbirn,Admira,"1,75","3,75","4,33","1,7","2,1","1,67","2,1",AUSTRIA - 2. LIGA,2. LIGA,AUSTRIA
19.08.2023,14:00,AZERBAIJAN,PREMIER LEAGUE - ROUND 3,Gabala,Sumqayit,"1,75","3,75","4,33","1,7","2,1","1,67","2,1",AZERBAIJAN - PREMIER LEAGUE,PREMIER LEAGUE,AZERBAIJAN
19.08.2023,16:00,AZERBAIJAN,PREMIER LEAGUE - ROUND 3,Sabail,Zira,"1,75","3,75","4,33","1,7","2,1","1,67","2,1",AZERBAIJAN - PREMIER LEAGUE,PREMIER LEAGUE,AZERBAIJAN
19.08.2023,13:00,BELARUS,VYSSHAYA LIGA - ROUND 18,Isloch,Smorgon,"1,75","3,75","4,33","1,7","2,1","1,67","2,1",BELARUS - VYSSHAYA LIGA,VYSSHAYA LIGA,BELARUS
19.08.2023,15:00,BELARUS,VYSSHAYA LIGA - ROUND 18,Zhodino,Belshina,"1,75","3,75","4,33","1,7","2,1","1,67","2,1",BELARUS - VYSSHAYA LIGA,VYSSHAYA LIGA,BELARUS
19.08.2023,14:00,BELARUS,PERSHAYA LIGA - ROUND 20,Ostrovets,Maxline,"1,75","3,75","4,33","1,7","2,1","1,67","2,1",BELARUS - PERSHAYA LIGA,PERSHAYA LIGA,BELARUS
19.08.2023,14:00,BELGIUM,JUPILER PRO LEAGUE - ROUND 4,St. Liege,Cercle Brugge KSV,"2,9","3,4","2,38","1,7","2,1","1,62","2,2",BELGIUM - JUPILER PRO LEAGUE,JUPILER PRO LEAGUE,BELGIUM
19.08.2023,18:45,BELGIUM,JUPILER PRO LEAGUE - ROUND 4,KV Mechelen,Royale Union SG,"4,75","3,8","1,7","1,62","2,25","1,62","2,2",BELGIUM - JUPILER PRO LEAGUE,JUPILER PRO LEAGUE,BELGIUM
19.08.2023,14:00,BELGIUM,CHALLENGER PRO LEAGUE - ROUND 2,Beerschot VA,Waregem,"2,5","3,25","2,5","1,6","2,3","1,5","2,5",BELGIUM - CHALLENGER PRO LEAGUE,CHALLENGER PRO LEAGUE,BELGIUM
19.08.2023,18:00,BELGIUM,CHALLENGER PRO LEAGUE - ROUND 2,Beveren,Seraing,"1,75","3,6",4,"1,67","2,15","1,67","2,1",BELGIUM - CHALLENGER PRO LEAGUE,CHALLENGER PRO LEAGUE,BELGIUM
19.08.2023,18:00,BELGIUM,CHALLENGER PRO LEAGUE - ROUND 2,Deinze,Oostende,"2,55","3,4","2,3","1,7","2,1","1,57","2,25",BELGIUM - CHALLENGER PRO LEAGUE,CHALLENGER PRO LEAGUE,BELGIUM
19.08.2023,16:00,BELGIUM,BELGIAN CUP - QUALIFICATION - QUARTER-FINALS,Bocholter,Virton,"2,55","3,4","2,3","1,7","2,1","1,57","2,25",BELGIUM - BELGIAN CUP - QUALIFICATION,QUALIFICATION,BELGIUM - BELGIAN CUP
19.08.2023,17:00,BELGIUM,BELGIAN CUP - QUALIFICATION - QUARTER-FINALS,Dikkelvenne,KRC Harelbeke,"2,55","3,4","2,3","1,7","2,1","1,57","2,25",BELGIUM - BELGIAN CUP - QUALIFICATION,QUALIFICATION,BELGIUM - BELGIAN CUP
19.08.2023,17:00,BELGIUM,BELGIAN CUP - QUALIFICATION - QUARTER-FINALS,Elene-Grotenberge,Petegem,"2,55","3,4","2,3","1,7","2,1","1,57","2,25",BELGIUM - BELGIAN CUP - QUALIFICATION,QUALIFICATION,BELGIUM - BELGIAN CUP
19.08.2023,17:30,BELGIUM,BELGIAN CUP - QUALIFICATION - QUARTER-FINALS,Dessel,Wetteren,"2,55","3,4","2,3","1,7","2,1","1,57","2,25",BELGIUM - BELGIAN CUP - QUALIFICATION,QUALIFICATION,BELGIUM - BELGIAN CUP
19.08.2023,17:30,BELGIUM,BELGIAN CUP - QUALIFICATION - QUARTER-FINALS,Lenaarts,KRC Gent,"2,55","3,4","2,3","1,7","2,1","1,57","2,25",BELGIUM - BELGIAN CUP - QUALIFICATION,QUALIFICATION,BELGIUM - BELGIAN CUP
19.08.2023,18:00,BELGIUM,BELGIAN CUP - QUALIFICATION - QUARTER-FINALS,Habay La Neuve,Destelbergen,"2,55","3,4","2,3","1,7","2,1","1,57","2,25",BELGIUM - BELGIAN CUP - QUALIFICATION,QUALIFICATION,BELGIUM - BELGIAN CUP
19.08.2023,18:00,BELGIUM,BELGIAN CUP - QUALIFICATION - QUARTER-FINALS,Hoogstraten,Ostiches,"2,55","3,4","2,3","1,7","2,1","1,57","2,25",BELGIUM - BELGIAN CUP - QUALIFICATION,QUALIFICATION,BELGIUM - BELGIAN CUP
19.08.2023,18:00,BELGIUM,BELGIAN CUP - QUALIFICATION - QUARTER-FINALS,Namur,Roeselare Daisel,"2,55","3,4","2,3","1,7","2,1","1,57","2,25",BELGIUM - BELGIAN CUP - QUALIFICATION,QUALIFICATION,BELGIUM - BELGIAN CUP
19.08.2023,00:00,BOLIVIA,DIVISION PROFESIONAL - ROUND 24,Bolivar,Libertad Gran Mamore,"1,07",10,26,"1,25",4,2,"1,73",BOLIVIA - DIVISION PROFESIONAL,DIVISION PROFESIONAL,BOLIVIA
19.08.2023,19:00,BOLIVIA,DIVISION PROFESIONAL - ROUND 24,Santa Cruz,Oriente Petrolero,"2,88","3,25","2,2","1,9","1,9","1,73",2,BOLIVIA - DIVISION PROFESIONAL,DIVISION PROFESIONAL,BOLIVIA
19.08.2023,15:00,BOSNIA AND HERZEGOVINA,PREMIJER LIGA BIH - ROUND 4,Zvijezda 09,Sloga Doboj,"2,88","3,25","2,2","1,9","1,9","1,73",2,BOSNIA AND HERZEGOVINA - PREMIJER LIGA BIH,PREMIJER LIGA BIH,BOSNIA AND HERZEGOVINA
19.08.2023,18:45,BOSNIA AND HERZEGOVINA,PREMIJER LIGA BIH - ROUND 4,Posusje,Zeljeznicar,"2,88","3,25","2,2","1,9","1,9","1,73",2,BOSNIA AND HERZEGOVINA - PREMIJER LIGA BIH,PREMIJER LIGA BIH,BOSNIA AND HERZEGOVINA
19.08.2023,19:00,BRAZIL,SERIE A - ROUND 20,Internacional,Fortaleza,"2,1","3,3","3,5","2,3","1,62",2,"1,75",BRAZIL - SERIE A,SERIE A,BRAZIL
19.08.2023,19:00,BRAZIL,SERIE A - ROUND 20,Sao Paulo,Botafogo RJ,"2,05","3,5","3,6","2,2","1,67",2,"1,75",BRAZIL - SERIE A,SERIE A,BRAZIL
19.08.2023,21:30,BRAZIL,SERIE A - ROUND 20,Cuiaba,Palmeiras,"3,1","3,3","2,3","2,5","1,53","2,1","1,67",BRAZIL - SERIE A,SERIE A,BRAZIL
19.08.2023,21:30,BRAZIL,SERIE A - ROUND 20,Fluminense,America MG,"1,5",4,7,"1,93","1,93",2,"1,75",BRAZIL - SERIE A,SERIE A,BRAZIL
19.08.2023,00:30,BRAZIL,SERIE B - ROUND 24,Guarani,Sport Recife,"1,5",4,7,"1,93","1,93",2,"1,75",BRAZIL - SERIE B,SERIE B,BRAZIL
19.08.2023,18:30,BRAZIL,SERIE B - ROUND 24,Avai,Tombense,"1,5",4,7,"1,93","1,93",2,"1,75",BRAZIL - SERIE B,SERIE B,BRAZIL
19.08.2023,20:00,BRAZIL,SERIE B - ROUND 24,ABC,CRB,"1,5",4,7,"1,93","1,93",2,"1,75",BRAZIL - SERIE B,SERIE B,BRAZIL
19.08.2023,20:00,BRAZIL,SERIE B - ROUND 24,Ituano,Criciuma,"1,5",4,7,"1,93","1,93",2,"1,75",BRAZIL - SERIE B,SERIE B,BRAZIL
19.08.2023,21:00,BRAZIL,SERIE B - ROUND 24,Juventude,Sampaio Correa,"1,5",4,7,"1,93","1,93",2,"1,75",BRAZIL - SERIE B,SERIE B,BRAZIL
19.08.2023,18:00,BRAZIL,COPA PAULISTA - ROUND 8,Primavera EC,Juventus-SP,"1,5",4,7,"1,93","1,93",2,"1,75",BRAZIL - COPA PAULISTA,COPA PAULISTA,BRAZIL
19.08.2023,18:00,BRAZIL,COPA PAULISTA - ROUND 8,Sao Caetano,Sao Jose EC,"1,5",4,7,"1,93","1,93",2,"1,75",BRAZIL - COPA PAULISTA,COPA PAULISTA,BRAZIL
19.08.2023,19:00,BRAZIL,COPA PAULISTA - ROUND 8,Gremio Prudente,Marilia,"1,5",4,7,"1,93","1,93",2,"1,75",BRAZIL - COPA PAULISTA,COPA PAULISTA,BRAZIL
19.08.2023,20:00,BRAZIL,COPA PAULISTA - ROUND 8,Portuguesa,EC Sao Bernardo,"1,5",4,7,"1,93","1,93",2,"1,75",BRAZIL - COPA PAULISTA,COPA PAULISTA,BRAZIL
19.08.2023,16:00,BULGARIA,PARVA LIGA - ROUND 6,Beroe,Slavia Sofia,"3,2","3,4","2,25","2,35","1,57","2,1","1,67",BULGARIA - PARVA LIGA,PARVA LIGA,BULGARIA
19.08.2023,18:15,BULGARIA,PARVA LIGA - ROUND 6,Botev Vratsa,CSKA Sofia,11,"5,5","1,29","1,8",2,"2,38","1,53",BULGARIA - PARVA LIGA,PARVA LIGA,BULGARIA
19.08.2023,11:00,BURUNDI,PRIMUS LEAGUE - ROUND 1,Amasipiri,Le Messager Ngozi,11,"5,5","1,29","1,8",2,"2,38","1,53",BURUNDI - PRIMUS LEAGUE,PRIMUS LEAGUE,BURUNDI
19.08.2023,13:00,BURUNDI,PRIMUS LEAGUE - ROUND 1,Flambeau du Centre,Rukinzo,11,"5,5","1,29","1,8",2,"2,38","1,53",BURUNDI - PRIMUS LEAGUE,PRIMUS LEAGUE,BURUNDI
19.08.2023,13:30,BURUNDI,PRIMUS LEAGUE - ROUND 1,Vital'O,Telaviv,11,"5,5","1,29","1,8",2,"2,38","1,53",BURUNDI - PRIMUS LEAGUE,PRIMUS LEAGUE,BURUNDI
19.08.2023,08:45,CAMBODIA,CPL,Angkor Tiger,Kirivong Sok Sen Chey,11,"5,5","1,29","1,8",2,"2,38","1,53",CAMBODIA,,CAMBODIA
19.08.2023,00:00,CANADA,CANADIAN PREMIER LEAGUE,Valour,Atl. Ottawa,11,"5,5","1,29","1,8",2,"2,38","1,53",CANADA,,CANADA
19.08.2023,20:00,CANADA,CANADIAN PREMIER LEAGUE,Vancouver FC,Pacific FC,11,"5,5","1,29","1,8",2,"2,38","1,53",CANADA,,CANADA
19.08.2023,23:00,CANADA,CANADIAN PREMIER LEAGUE,Forge,HFX Wanderers,11,"5,5","1,29","1,8",2,"2,38","1,53",CANADA,,CANADA
19.08.2023,19:00,CHILE,CHILEAN CUP - QUARTER-FINALS,Magallanes,O'Higgins,11,"5,5","1,29","1,8",2,"2,38","1,53",CHILE - CHILEAN CUP,CHILEAN CUP,CHILE
19.08.2023,11:35,CHINA,SUPER LEAGUE - ROUND 23,Beijing Guoan,Shanghai Shenhua,"2,3","3,3","3,2","2,15","1,67","1,91","1,91",CHINA - SUPER LEAGUE,SUPER LEAGUE,CHINA
19.08.2023,11:35,CHINA,SUPER LEAGUE - ROUND 23,Chengdu Rongcheng,Wuhan Three Towns,"2,3","3,5",3,"1,73","2,08","1,62","2,2",CHINA - SUPER LEAGUE,SUPER LEAGUE,CHINA
19.08.2023,11:35,CHINA,SUPER LEAGUE - ROUND 23,Dalian Pro,Henan Songshan Longmen,"2,63","3,2","2,8","2,1","1,7","1,91","1,91",CHINA - SUPER LEAGUE,SUPER LEAGUE,CHINA
19.08.2023,11:35,CHINA,SUPER LEAGUE - ROUND 23,Shenzhen,Nantong Zhiyun,"4,5","3,6","1,8","1,88","1,98","1,8","1,95",CHINA - SUPER LEAGUE,SUPER LEAGUE,CHINA
19.08.2023,21:00,COLOMBIA,PRIMERA A - CLAUSURA - ROUND 6,Pereira,Jaguares de Cordoba,"4,5","3,6","1,8","1,88","1,98","1,8","1,95",COLOMBIA - PRIMERA A - CLAUSURA,CLAUSURA,COLOMBIA - PRIMERA A
19.08.2023,23:10,COLOMBIA,PRIMERA A - CLAUSURA - ROUND 6,U. Magdalena,Santa Fe,"4,5","3,6","1,8","1,88","1,98","1,8","1,95",COLOMBIA - PRIMERA A - CLAUSURA,CLAUSURA,COLOMBIA - PRIMERA A
19.08.2023,02:00,COSTA RICA,PRIMERA DIVISION - APERTURA - ROUND 5,Alajuelense,San Carlos,"1,55","3,75",5,"1,85","1,95","1,83","1,83",COSTA RICA - PRIMERA DIVISION - APERTURA,APERTURA,COSTA RICA - PRIMERA DIVISION
19.08.2023,23:00,COSTA RICA,PRIMERA DIVISION - APERTURA - ROUND 5,Zeledon,AD Santos,"2,2","3,3",3,2,"1,8","1,8","1,91",COSTA RICA - PRIMERA DIVISION - APERTURA,APERTURA,COSTA RICA - PRIMERA DIVISION
19.08.2023,16:30,CROATIA,HNL - ROUND 5,Slaven Belupo,Istra 1961,"2,45","3,2","2,75","2,03","1,83","1,73",2,CROATIA - HNL,HNL,CROATIA
19.08.2023,15:30,CROATIA,CROATIAN CUP - 1/32-FINALS,Rudar Labin,Zagora,"2,45","3,2","2,75","2,03","1,83","1,73",2,CROATIA - CROATIAN CUP,CROATIAN CUP,CROATIA
19.08.2023,17:00,CYPRUS,CYTA CHAMPIONSHIP - ROUND 1,Anorthosis,Achnas,"2,45","3,2","2,75","2,03","1,83","1,73",2,CYPRUS - CYTA CHAMPIONSHIP,CYTA CHAMPIONSHIP,CYPRUS
19.08.2023,17:00,CYPRUS,CYTA CHAMPIONSHIP - ROUND 1,Apollon,Othellos Athienou,"2,45","3,2","2,75","2,03","1,83","1,73",2,CYPRUS - CYTA CHAMPIONSHIP,CYTA CHAMPIONSHIP,CYPRUS
19.08.2023,13:00,CZECH REPUBLIC,FORTUNA:LIGA - ROUND 5,Karvina,Jablonec,"2,15","3,4",3,"2,05","1,75","1,91","1,91",CZECH REPUBLIC - FORTUNA:LIGA,FORTUNA:LIGA,CZECH REPUBLIC
19.08.2023,13:00,CZECH REPUBLIC,FORTUNA:LIGA - ROUND 5,Liberec,FK Pardubice,"1,75","3,6",4,"1,75","2,05","1,7","2,05",CZECH REPUBLIC - FORTUNA:LIGA,FORTUNA:LIGA,CZECH REPUBLIC
19.08.2023,13:00,CZECH REPUBLIC,FORTUNA:LIGA - ROUND 5,Slovacko,Mlada Boleslav,2,"3,4","3,4","1,93","1,93","1,75",2,CZECH REPUBLIC - FORTUNA:LIGA,FORTUNA:LIGA,CZECH REPUBLIC
19.08.2023,16:00,CZECH REPUBLIC,FORTUNA:LIGA - ROUND 5,Teplice,Sparta Prague,"6,5",4,"1,45","1,62","2,25","1,8","1,95",CZECH REPUBLIC - FORTUNA:LIGA,FORTUNA:LIGA,CZECH REPUBLIC
19.08.2023,08:15,CZECH REPUBLIC,DIVISION 2 - ROUND 6,Chrudim,Prostejov,2,"3,3","3,2","1,93","1,88","1,73",2,CZECH REPUBLIC - DIVISION 2,DIVISION 2,CZECH REPUBLIC
19.08.2023,08:15,CZECH REPUBLIC,DIVISION 2 - ROUND 6,Sigma Olomouc B,Zizkov,"2,4","3,25","2,55","1,8",2,"1,62","2,2",CZECH REPUBLIC - DIVISION 2,DIVISION 2,CZECH REPUBLIC
19.08.2023,15:00,CZECH REPUBLIC,DIVISION 2 - ROUND 6,Dukla Prague,Jihlava,"1,65","3,8","4,2","1,62","2,25","1,67","2,1",CZECH REPUBLIC - DIVISION 2,DIVISION 2,CZECH REPUBLIC
19.08.2023,15:00,CZECH REPUBLIC,DIVISION 2 - ROUND 6,Kromeriz,Opava,"2,38","3,2","2,63","1,88","1,93","1,73",2,CZECH REPUBLIC - DIVISION 2,DIVISION 2,CZECH REPUBLIC
19.08.2023,15:00,CZECH REPUBLIC,DIVISION 2 - ROUND 6,Lisen,Varnsdorf,"1,91","3,3","3,5","1,88","1,93","1,73",2,CZECH REPUBLIC - DIVISION 2,DIVISION 2,CZECH REPUBLIC
19.08.2023,15:00,CZECH REPUBLIC,DIVISION 2 - ROUND 6,Taborsko,Vyskov,"2,3","3,1","2,88","2,05","1,75","1,8","1,91",CZECH REPUBLIC - DIVISION 2,DIVISION 2,CZECH REPUBLIC
19.08.2023,15:00,CZECH REPUBLIC,DIVISION 2 - ROUND 6,Vlasim,Pribram,"2,1","3,5","2,9","1,73","2,08","1,62","2,2",CZECH REPUBLIC - DIVISION 2,DIVISION 2,CZECH REPUBLIC
19.08.2023,11:00,DENMARK,1ST DIVISION - ROUND 5,Hillerod,Vendsyssel,"3,3","3,6","2,1","1,7","2,1","1,57","2,25",DENMARK - 1ST DIVISION,1ST DIVISION,DENMARK
19.08.2023,22:00,DOMINICAN REPUBLIC,LDF - WINNERS STAGE - ROUND 7,Cibao,Moca,"3,3","3,6","2,1","1,7","2,1","1,57","2,25",DOMINICAN REPUBLIC - LDF - WINNERS STAGE,WINNERS STAGE,DOMINICAN REPUBLIC - LDF
19.08.2023,01:00,ECUADOR,LIGA PRO - SECOND STAGE - ROUND 18,Barcelona SC,Ind. del Valle,"2,38","3,4",3,"1,9","1,9","1,67","2,1",ECUADOR - LIGA PRO - SECOND STAGE,SECOND STAGE,ECUADOR - LIGA PRO
19.08.2023,01:00,EL SALVADOR,PRIMERA DIVISION - APERTURA - ROUND 2,Alianza FC,FAS,"2,38","3,4",3,"1,9","1,9","1,67","2,1",EL SALVADOR - PRIMERA DIVISION - APERTURA,APERTURA,EL SALVADOR - PRIMERA DIVISION
19.08.2023,21:30,EL SALVADOR,PRIMERA DIVISION - APERTURA - ROUND 2,Jocoro,Luis Angel Firpo,"2,38","3,4",3,"1,9","1,9","1,67","2,1",EL SALVADOR - PRIMERA DIVISION - APERTURA,APERTURA,EL SALVADOR - PRIMERA DIVISION
19.08.2023,11:30,ENGLAND,CHAMPIONSHIP - ROUND 3,Plymouth,Southampton,"3,8","3,75","1,91","1,73","2,1","1,62","2,2",ENGLAND - CHAMPIONSHIP,CHAMPIONSHIP,ENGLAND
19.08.2023,14:00,ENGLAND,CHAMPIONSHIP - ROUND 3,Blackburn,Hull,"1,95","3,5",4,"1,85",2,"1,73",2,ENGLAND - CHAMPIONSHIP,CHAMPIONSHIP,ENGLAND
19.08.2023,14:00,ENGLAND,CHAMPIONSHIP - ROUND 3,Bristol City,Birmingham,"2,2","3,3","3,4","2,3","1,62","1,91","1,8",ENGLAND - CHAMPIONSHIP,CHAMPIONSHIP,ENGLAND
19.08.2023,14:00,ENGLAND,CHAMPIONSHIP - ROUND 3,Leicester,Cardiff,"1,5","4,33",6,"1,83","2,03","1,91","1,8",ENGLAND - CHAMPIONSHIP,CHAMPIONSHIP,ENGLAND
19.08.2023,14:00,ENGLAND,CHAMPIONSHIP - ROUND 3,Middlesbrough,Huddersfield,"1,7","3,8",5,"1,8",2,"1,73",2,ENGLAND - CHAMPIONSHIP,CHAMPIONSHIP,ENGLAND
19.08.2023,14:00,ENGLAND,CHAMPIONSHIP - ROUND 3,QPR,Ipswich,4,"3,5","1,91",2,"1,8","1,83","1,83",ENGLAND - CHAMPIONSHIP,CHAMPIONSHIP,ENGLAND
19.08.2023,14:00,ENGLAND,CHAMPIONSHIP - ROUND 3,Sheffield Wed,Preston,"2,5","3,25","2,88","2,2","1,67","1,91","1,8",ENGLAND - CHAMPIONSHIP,CHAMPIONSHIP,ENGLAND
19.08.2023,14:00,ENGLAND,CHAMPIONSHIP - ROUND 3,Stoke,Watford,"2,5","3,25","2,88","2,2","1,67","1,91","1,8",ENGLAND - CHAMPIONSHIP,CHAMPIONSHIP,ENGLAND
19.08.2023,14:00,ENGLAND,CHAMPIONSHIP - ROUND 3,Sunderland,Rotherham,"1,67","3,75","5,5","1,8","2,05","1,8","1,91",ENGLAND - CHAMPIONSHIP,CHAMPIONSHIP,ENGLAND
19.08.2023,14:00,ENGLAND,CHAMPIONSHIP - ROUND 3,Swansea,Coventry,"2,4","3,4",3,"1,93","1,93","1,67","2,1",ENGLAND - CHAMPIONSHIP,CHAMPIONSHIP,ENGLAND
19.08.2023,11:30,ENGLAND,LEAGUE ONE - ROUND 4,Bolton,Wigan,"1,75","3,8","4,5","1,93","1,93","1,8","1,95",ENGLAND - LEAGUE ONE,LEAGUE ONE,ENGLAND
19.08.2023,14:00,ENGLAND,LEAGUE ONE - ROUND 4,Barnsley,Oxford Utd,"2,1","3,4","3,5","1,98","1,88","1,75",2,ENGLAND - LEAGUE ONE,LEAGUE ONE,ENGLAND
19.08.2023,14:00,ENGLAND,LEAGUE ONE - ROUND 4,Blackpool,Leyton Orient,"1,7",4,"4,75","1,8",2,"1,8","1,95",ENGLAND - LEAGUE ONE,LEAGUE ONE,ENGLAND
19.08.2023,14:00,ENGLAND,LEAGUE ONE - ROUND 4,Cambridge Utd,Bristol Rovers,"2,8","3,4","2,5","2,03","1,83","1,75",2,ENGLAND - LEAGUE ONE,LEAGUE ONE,ENGLAND
19.08.2023,14:00,ENGLAND,LEAGUE ONE - ROUND 4,Carlisle,Exeter,"2,63","3,3","2,7","2,08","1,73","1,91","1,91",ENGLAND - LEAGUE ONE,LEAGUE ONE,ENGLAND
19.08.2023,14:00,ENGLAND,LEAGUE ONE - ROUND 4,Charlton,Port Vale,"1,95","3,6","3,8","1,93","1,93","1,75",2,ENGLAND - LEAGUE ONE,LEAGUE ONE,ENGLAND
19.08.2023,14:00,ENGLAND,LEAGUE ONE - ROUND 4,Derby,Fleetwood,"1,55","4,33","5,75","1,85",2,"1,95","1,8",ENGLAND - LEAGUE ONE,LEAGUE ONE,ENGLAND
19.08.2023,14:00,ENGLAND,LEAGUE ONE - ROUND 4,Northampton,Peterborough,"3,6","3,3","2,1","1,88","1,98","1,7","2,05",ENGLAND - LEAGUE ONE,LEAGUE ONE,ENGLAND
19.08.2023,14:00,ENGLAND,LEAGUE ONE - ROUND 4,Portsmouth,Cheltenham,"1,5",4,"7,5","1,88","1,98",2,"1,75",ENGLAND - LEAGUE ONE,LEAGUE ONE,ENGLAND
19.08.2023,14:00,ENGLAND,LEAGUE ONE - ROUND 4,Reading,Stevenage,"2,55","3,25","2,8","2,1","1,7","1,8","1,95",ENGLAND - LEAGUE ONE,LEAGUE ONE,ENGLAND
19.08.2023,14:00,ENGLAND,LEAGUE ONE - ROUND 4,Shrewsbury,Lincoln,"2,6","3,2","2,8","2,25","1,62","1,95","1,8",ENGLAND - LEAGUE ONE,LEAGUE ONE,ENGLAND
19.08.2023,14:00,ENGLAND,LEAGUE ONE - ROUND 4,Wycombe,Burton,"1,91","3,5","4,2","1,88","1,98","1,75",2,ENGLAND - LEAGUE ONE,LEAGUE ONE,ENGLAND
19.08.2023,14:00,ENGLAND,LEAGUE TWO - ROUND 4,Accrington,Harrogate,"2,1","3,5","3,5",2,"1,85","1,8","1,91",ENGLAND - LEAGUE TWO,LEAGUE TWO,ENGLAND
19.08.2023,14:00,ENGLAND,LEAGUE TWO - ROUND 4,Colchester,MK Dons,"2,75","3,3","2,6","2,05","1,75","1,8","1,91",ENGLAND - LEAGUE TWO,LEAGUE TWO,ENGLAND
19.08.2023,14:00,ENGLAND,LEAGUE TWO - ROUND 4,Crawley,Gillingham,3,"3,2","2,5","2,25","1,62","1,83","1,83",ENGLAND - LEAGUE TWO,LEAGUE TWO,ENGLAND
19.08.2023,14:00,ENGLAND,LEAGUE TWO - ROUND 4,Crewe,Walsall,"2,7","3,4","2,6",2,"1,85","1,73",2,ENGLAND - LEAGUE TWO,LEAGUE TWO,ENGLAND
19.08.2023,14:00,ENGLAND,LEAGUE TWO - ROUND 4,Doncaster,Notts Co,"4,33","3,75","1,83","1,7","2,1","1,62","2,2",ENGLAND - LEAGUE TWO,LEAGUE TWO,ENGLAND
19.08.2023,14:00,ENGLAND,LEAGUE TWO - ROUND 4,Forest Green,Newport,"2,63","3,3","2,75",2,"1,85","1,73",2,ENGLAND - LEAGUE TWO,LEAGUE TWO,ENGLAND
19.08.2023,14:00,ENGLAND,LEAGUE TWO - ROUND 4,Grimsby,Mansfield,"3,25","3,4","2,25","1,98","1,88","1,73",2,ENGLAND - LEAGUE TWO,LEAGUE TWO,ENGLAND
19.08.2023,14:00,ENGLAND,LEAGUE TWO - ROUND 4,Morecambe,Bradford City,"3,5","3,2","2,15","1,93","1,93","1,67","2,1",ENGLAND - LEAGUE TWO,LEAGUE TWO,ENGLAND
19.08.2023,14:00,ENGLAND,LEAGUE TWO - ROUND 4,Stockport County,Barrow,"1,73","3,75",5,"2,15","1,73",2,"1,73",ENGLAND - LEAGUE TWO,LEAGUE TWO,ENGLAND
19.08.2023,14:00,ENGLAND,LEAGUE TWO - ROUND 4,Sutton,AFC Wimbledon,"2,38","3,2","3,1","2,15","1,67","1,83","1,83",ENGLAND - LEAGUE TWO,LEAGUE TWO,ENGLAND
19.08.2023,14:00,ENGLAND,LEAGUE TWO - ROUND 4,Tranmere,Salford,"2,9","3,3","2,5","2,05","1,75","1,8","1,91",ENGLAND - LEAGUE TWO,LEAGUE TWO,ENGLAND
19.08.2023,14:00,ENGLAND,LEAGUE TWO - ROUND 4,Wrexham,Swindon,"1,57","4,2","5,5","1,67","2,15","1,73",2,ENGLAND - LEAGUE TWO,LEAGUE TWO,ENGLAND
19.08.2023,14:00,ESTONIA,MEISTRILIIGA - ROUND 24,Paide,Tammeka,"1,57","4,2","5,5","1,67","2,15","1,73",2,ESTONIA - MEISTRILIIGA,MEISTRILIIGA,ESTONIA
19.08.2023,16:00,ESTONIA,MEISTRILIIGA - ROUND 24,Parnu JK Vaprus,Kalju,"1,57","4,2","5,5","1,67","2,15","1,73",2,ESTONIA - MEISTRILIIGA,MEISTRILIIGA,ESTONIA
19.08.2023,14:30,EUROPE,PREMIER LEAGUE (CRIMEA) - ROUND 16,Kyzyltash,Chernomorets Sevastopol,"1,57","4,2","5,5","1,67","2,15","1,73",2,EUROPE - PREMIER LEAGUE (CRIMEA),PREMIER LEAGUE (CRIMEA),EUROPE
19.08.2023,14:30,EUROPE,PREMIER LEAGUE (CRIMEA) - ROUND 16,TSK Simferopol,Alushta,"1,57","4,2","5,5","1,67","2,15","1,73",2,EUROPE - PREMIER LEAGUE (CRIMEA),PREMIER LEAGUE (CRIMEA),EUROPE
19.08.2023,16:00,EUROPE,PREMIER LEAGUE (CRIMEA) - ROUND 16,Sparta-KT,Ocean Kerch,"1,57","4,2","5,5","1,67","2,15","1,73",2,EUROPE - PREMIER LEAGUE (CRIMEA),PREMIER LEAGUE (CRIMEA),EUROPE
19.08.2023,17:00,FAROE ISLANDS,PREMIER LEAGUE - ROUND 19,HB Torshavn,IF Fuglafjordur,"1,57","4,2","5,5","1,67","2,15","1,73",2,FAROE ISLANDS - PREMIER LEAGUE,PREMIER LEAGUE,FAROE ISLANDS
19.08.2023,14:00,FINLAND,VEIKKAUSLIIGA,AC Oulu,Ilves,"2,15","3,1","3,1","2,08","1,73","1,8","1,95",FINLAND,,FINLAND
19.08.2023,13:00,FINLAND,YKKONEN,KaPa,TPS,6,"4,2","1,45","1,48","2,6","1,62","2,2",FINLAND,,FINLAND
19.08.2023,13:00,FINLAND,YKKONEN,SJK Akatemia,JaPS,"1,85","3,6","3,6","1,44","2,7","1,4","2,75",FINLAND,,FINLAND
19.08.2023,15:30,FINLAND,YKKONEN,SalPa,KPV Kokkola,"1,95","3,5","3,4","1,95","1,9","1,8","1,91",FINLAND,,FINLAND
19.08.2023,11:00,FINLAND,KANSALLINEN LIIGA WOMEN,HJK W,ONS Oulu W,"1,95","3,5","3,4","1,95","1,9","1,8","1,91",FINLAND,,FINLAND
19.08.2023,11:00,FINLAND,KANSALLINEN LIIGA WOMEN,KuPS W,Ilves W,"1,95","3,5","3,4","1,95","1,9","1,8","1,91",FINLAND,,FINLAND
19.08.2023,11:00,FINLAND,KANSALLINEN LIIGA WOMEN,PK-35 Helsinki W,PK-35 Vantaa W,"1,95","3,5","3,4","1,95","1,9","1,8","1,91",FINLAND,,FINLAND
19.08.2023,13:30,FINLAND,KANSALLINEN LIIGA WOMEN,Aland Utd W,TPS W,"1,95","3,5","3,4","1,95","1,9","1,8","1,91",FINLAND,,FINLAND
19.08.2023,14:00,FINLAND,KANSALLINEN LIIGA WOMEN,HPS W,Honka W,"1,95","3,5","3,4","1,95","1,9","1,8","1,91",FINLAND,,FINLAND
19.08.2023,13:00,FRANCE,LIGUE 2 - ROUND 3,Angers,Auxerre,"2,88","3,3","2,45","2,05","1,75","1,8","1,91",FRANCE - LIGUE 2,LIGUE 2,FRANCE
19.08.2023,17:00,FRANCE,LIGUE 2 - ROUND 3,Amiens,Bastia,"2,5","3,2","2,8","2,1","1,7","1,83","1,83",FRANCE - LIGUE 2,LIGUE 2,FRANCE
19.08.2023,17:00,FRANCE,LIGUE 2 - ROUND 3,Annecy,Dunkerque,"2,7","3,2","2,63","2,15","1,67","1,83","1,83",FRANCE - LIGUE 2,LIGUE 2,FRANCE
19.08.2023,17:00,FRANCE,LIGUE 2 - ROUND 3,Concarneau,Caen,"3,2","3,3","2,2","2,05","1,75","1,83","1,83",FRANCE - LIGUE 2,LIGUE 2,FRANCE
19.08.2023,17:00,FRANCE,LIGUE 2 - ROUND 3,Grenoble,Troyes,"2,3","3,3",3,"2,05","1,75","1,83","1,83",FRANCE - LIGUE 2,LIGUE 2,FRANCE
19.08.2023,17:00,FRANCE,LIGUE 2 - ROUND 3,Laval,Rodez,2,"3,3","3,75","2,15","1,67","1,91","1,8",FRANCE - LIGUE 2,LIGUE 2,FRANCE
19.08.2023,17:00,FRANCE,LIGUE 2 - ROUND 3,Pau FC,Paris FC,"2,45","3,2","2,9","2,05","1,75","1,8","1,91",FRANCE - LIGUE 2,LIGUE 2,FRANCE
19.08.2023,17:00,FRANCE,LIGUE 2 - ROUND 3,St Etienne,Quevilly Rouen,"1,7","3,75",5,"1,83","2,03","1,8","1,91",FRANCE - LIGUE 2,LIGUE 2,FRANCE
19.08.2023,17:00,FRANCE,LIGUE 2 - ROUND 3,Valenciennes,Guingamp,"3,4","3,3","2,15","2,1","1,78","1,8","1,91",FRANCE - LIGUE 2,LIGUE 2,FRANCE
19.08.2023,16:00,GEORGIA,CRYSTALBET EROVNULI LIGA - ROUND 22,Dinamo Tbilisi,Samgurali,"3,4","3,3","2,15","2,1","1,78","1,8","1,91",GEORGIA - CRYSTALBET EROVNULI LIGA,CRYSTALBET EROVNULI LIGA,GEORGIA
19.08.2023,17:00,GEORGIA,CRYSTALBET EROVNULI LIGA - ROUND 22,Dinamo Batumi,Samtredia,"3,4","3,3","2,15","2,1","1,78","1,8","1,91",GEORGIA - CRYSTALBET EROVNULI LIGA,CRYSTALBET EROVNULI LIGA,GEORGIA
19.08.2023,11:00,GERMANY,2. BUNDESLIGA - ROUND 3,Dusseldorf,Paderborn,"2,2","3,5","3,2","1,6","2,3","1,5","2,5",GERMANY - 2. BUNDESLIGA,2. BUNDESLIGA,GERMANY
19.08.2023,11:00,GERMANY,2. BUNDESLIGA - ROUND 3,Greuther Furth,St. Pauli,"2,6","3,4","2,7","1,75","2,05","1,62","2,2",GERMANY - 2. BUNDESLIGA,2. BUNDESLIGA,GERMANY
19.08.2023,11:00,GERMANY,2. BUNDESLIGA - ROUND 3,Hansa Rostock,Hannover,"2,63","3,4","2,7","1,83","2,03","1,62","2,2",GERMANY - 2. BUNDESLIGA,2. BUNDESLIGA,GERMANY
19.08.2023,18:30,GERMANY,2. BUNDESLIGA - ROUND 3,Hamburger SV,Hertha Berlin,"1,83",4,4,"1,48","2,6","1,5","2,5",GERMANY - 2. BUNDESLIGA,2. BUNDESLIGA,GERMANY
19.08.2023,12:00,GERMANY,3. LIGA - ROUND 2,Arminia Bielefeld,Preussen Munster,"1,83",4,4,"1,48","2,6","1,5","2,5",GERMANY - 3. LIGA,3. LIGA,GERMANY
19.08.2023,12:00,GERMANY,3. LIGA - ROUND 2,Duisburg,Munich 1860,"1,83",4,4,"1,48","2,6","1,5","2,5",GERMANY - 3. LIGA,3. LIGA,GERMANY
19.08.2023,12:00,GERMANY,3. LIGA - ROUND 2,Ingolstadt,Hallescher,"1,83",4,4,"1,48","2,6","1,5","2,5",GERMANY - 3. LIGA,3. LIGA,GERMANY
19.08.2023,12:00,GERMANY,3. LIGA - ROUND 2,Saarbrucken,Viktoria Koln,"1,83",4,4,"1,48","2,6","1,5","2,5",GERMANY - 3. LIGA,3. LIGA,GERMANY
19.08.2023,12:00,GERMANY,3. LIGA - ROUND 2,Unterhaching,Ulm,"1,83",4,4,"1,48","2,6","1,5","2,5",GERMANY - 3. LIGA,3. LIGA,GERMANY
19.08.2023,14:30,GERMANY,3. LIGA - ROUND 2,Mannheim,Lubeck,"1,83",4,4,"1,48","2,6","1,5","2,5",GERMANY - 3. LIGA,3. LIGA,GERMANY
19.08.2023,17:00,GREECE,SUPER LEAGUE - ROUND 1,Giannina,Kifisias,"2,25","3,1","3,5","2,35","1,57",2,"1,75",GREECE - SUPER LEAGUE,SUPER LEAGUE,GREECE
19.08.2023,17:00,GUATEMALA,LIGA NACIONAL - APERTURA - ROUND 4,Coban Imperial,Xelaju,"2,25","3,1","3,5","2,35","1,57",2,"1,75",GUATEMALA - LIGA NACIONAL - APERTURA,APERTURA,GUATEMALA - LIGA NACIONAL
19.08.2023,18:00,GUATEMALA,LIGA NACIONAL - APERTURA - ROUND 4,Coatepeque,Comunicaciones,"2,25","3,1","3,5","2,35","1,57",2,"1,75",GUATEMALA - LIGA NACIONAL - APERTURA,APERTURA,GUATEMALA - LIGA NACIONAL
19.08.2023,20:00,GUATEMALA,LIGA NACIONAL - APERTURA - ROUND 4,Municipal,Deportivo Mixco,"2,25","3,1","3,5","2,35","1,57",2,"1,75",GUATEMALA - LIGA NACIONAL - APERTURA,APERTURA,GUATEMALA - LIGA NACIONAL
19.08.2023,22:00,GUATEMALA,LIGA NACIONAL - APERTURA - ROUND 4,Deportivo Achuapa,Guastatoya,"2,25","3,1","3,5","2,35","1,57",2,"1,75",GUATEMALA - LIGA NACIONAL - APERTURA,APERTURA,GUATEMALA - LIGA NACIONAL
19.08.2023,21:00,HONDURAS,LIGA NACIONAL - APERTURA - ROUND 4,Marathon,Real Espana,"2,25","3,1","3,5","2,35","1,57",2,"1,75",HONDURAS - LIGA NACIONAL - APERTURA,APERTURA,HONDURAS - LIGA NACIONAL
19.08.2023,23:00,HONDURAS,LIGA NACIONAL - APERTURA - ROUND 4,UPNFM,Genesis,"2,25","3,1","3,5","2,35","1,57",2,"1,75",HONDURAS - LIGA NACIONAL - APERTURA,APERTURA,HONDURAS - LIGA NACIONAL
19.08.2023,08:00,HONG KONG,PREMIER LEAGUE - ROUND 1,Kitchee,Tai Po,"2,25","3,1","3,5","2,35","1,57",2,"1,75",HONG KONG - PREMIER LEAGUE,PREMIER LEAGUE,HONG KONG
19.08.2023,10:30,HONG KONG,PREMIER LEAGUE - ROUND 1,Resources Capital,North District,"2,25","3,1","3,5","2,35","1,57",2,"1,75",HONG KONG - PREMIER LEAGUE,PREMIER LEAGUE,HONG KONG
19.08.2023,15:45,HUNGARY,OTP BANK LIGA - ROUND 4,MTK Budapest,Kecskemeti TE,"2,5","3,4","2,8","1,9","1,95","1,67","2,1",HUNGARY - OTP BANK LIGA,OTP BANK LIGA,HUNGARY
19.08.2023,18:00,HUNGARY,OTP BANK LIGA - ROUND 4,Paks,Ujpest,"2,25","3,5","3,1","1,6","2,3","1,5","2,5",HUNGARY - OTP BANK LIGA,OTP BANK LIGA,HUNGARY
19.08.2023,15:30,HUNGARY,MERKANTIL BANK LIGA - ROUND 5,BVSC-Zuglo,Szeged,"2,25","3,5","3,1","1,6","2,3","1,5","2,5",HUNGARY - MERKANTIL BANK LIGA,MERKANTIL BANK LIGA,HUNGARY
19.08.2023,15:30,HUNGARY,MERKANTIL BANK LIGA - ROUND 5,Gyirmot,Mosonmagyarovari TE,"2,25","3,5","3,1","1,6","2,3","1,5","2,5",HUNGARY - MERKANTIL BANK LIGA,MERKANTIL BANK LIGA,HUNGARY
19.08.2023,15:30,HUNGARY,MERKANTIL BANK LIGA - ROUND 5,Nyiregyhaza,Gyor,"2,25","3,5","3,1","1,6","2,3","1,5","2,5",HUNGARY - MERKANTIL BANK LIGA,MERKANTIL BANK LIGA,HUNGARY
19.08.2023,17:00,HUNGARY,MERKANTIL BANK LIGA - ROUND 5,Ajka,Pecsi MFC,"2,25","3,5","3,1","1,6","2,3","1,5","2,5",HUNGARY - MERKANTIL BANK LIGA,MERKANTIL BANK LIGA,HUNGARY
19.08.2023,17:00,HUNGARY,MERKANTIL BANK LIGA - ROUND 5,Csakvari,Budafoki,"2,25","3,5","3,1","1,6","2,3","1,5","2,5",HUNGARY - MERKANTIL BANK LIGA,MERKANTIL BANK LIGA,HUNGARY
19.08.2023,17:00,HUNGARY,MERKANTIL BANK LIGA - ROUND 5,Kozarmisleny SE,Soroksar,"2,25","3,5","3,1","1,6","2,3","1,5","2,5",HUNGARY - MERKANTIL BANK LIGA,MERKANTIL BANK LIGA,HUNGARY
19.08.2023,17:00,HUNGARY,MERKANTIL BANK LIGA - ROUND 5,Siofok,Honved,"2,25","3,5","3,1","1,6","2,3","1,5","2,5",HUNGARY - MERKANTIL BANK LIGA,MERKANTIL BANK LIGA,HUNGARY
19.08.2023,17:00,HUNGARY,MERKANTIL BANK LIGA - ROUND 5,Tiszakecske,Haladas,"2,25","3,5","3,1","1,6","2,3","1,5","2,5",HUNGARY - MERKANTIL BANK LIGA,MERKANTIL BANK LIGA,HUNGARY
19.08.2023,17:00,HUNGARY,MERKANTIL BANK LIGA - ROUND 5,Vasas,Kazincbarcikai,"2,25","3,5","3,1","1,6","2,3","1,5","2,5",HUNGARY - MERKANTIL BANK LIGA,MERKANTIL BANK LIGA,HUNGARY
19.08.2023,09:00,INDIA,DURAND CUP,Mumbai City,Indian Navy,"2,25","3,5","3,1","1,6","2,3","1,5","2,5",INDIA,,INDIA
19.08.2023,11:15,INDIA,DURAND CUP,Bodoland FC,Odisha FC,"2,25","3,5","3,1","1,6","2,3","1,5","2,5",INDIA,,INDIA
19.08.2023,08:00,INDONESIA,LIGA 1 - ROUND 9,Persikabo 1973,Madura United,"2,25","3,5","3,1","1,6","2,3","1,5","2,5",INDONESIA - LIGA 1,LIGA 1,INDONESIA
19.08.2023,08:00,INDONESIA,LIGA 1 - ROUND 9,RANS Nusantara,Dewa United,"2,25","3,5","3,1","1,6","2,3","1,5","2,5",INDONESIA - LIGA 1,LIGA 1,INDONESIA
19.08.2023,12:00,INDONESIA,LIGA 1 - ROUND 9,Barito Putera,Persik Kediri,"2,25","3,5","3,1","1,6","2,3","1,5","2,5",INDONESIA - LIGA 1,LIGA 1,INDONESIA
19.08.2023,12:00,INDONESIA,LIGA 1 - ROUND 9,Persis Solo,Bali United,"2,25","3,5","3,1","1,6","2,3","1,5","2,5",INDONESIA - LIGA 1,LIGA 1,INDONESIA
19.08.2023,16:00,IRELAND,NATIONAL LEAGUE WOMEN - ROUND 15,Galway United W,Cork City W,"2,25","3,5","3,1","1,6","2,3","1,5","2,5",IRELAND - NATIONAL LEAGUE WOMEN,NATIONAL LEAGUE WOMEN,IRELAND
19.08.2023,16:00,IRELAND,NATIONAL LEAGUE WOMEN - ROUND 15,Treaty Utd W,Shelbourne W,"2,25","3,5","3,1","1,6","2,3","1,5","2,5",IRELAND - NATIONAL LEAGUE WOMEN,NATIONAL LEAGUE WOMEN,IRELAND
19.08.2023,17:00,IRELAND,NATIONAL LEAGUE WOMEN - ROUND 15,Wexford Youths Football Club W,DLR Waves W,"2,25","3,5","3,1","1,6","2,3","1,5","2,5",IRELAND - NATIONAL LEAGUE WOMEN,NATIONAL LEAGUE WOMEN,IRELAND
19.08.2023,18:00,IRELAND,NATIONAL LEAGUE WOMEN - ROUND 15,Athlone WFC W,Sligo Rovers W,"2,25","3,5","3,1","1,6","2,3","1,5","2,5",IRELAND - NATIONAL LEAGUE WOMEN,NATIONAL LEAGUE WOMEN,IRELAND
19.08.2023,18:35,IRELAND,NATIONAL LEAGUE WOMEN - ROUND 15,Peamount W,Bohemians WFC W,"2,25","3,5","3,1","1,6","2,3","1,5","2,5",IRELAND - NATIONAL LEAGUE WOMEN,NATIONAL LEAGUE WOMEN,IRELAND
19.08.2023,16:30,ISRAEL,TOTO CUP - PLAY OFFS - SEMI-FINALS,Maccabi Petah Tikva,Maccabi Haifa,"2,25","3,5","3,1","1,6","2,3","1,5","2,5",ISRAEL - TOTO CUP - PLAY OFFS,PLAY OFFS,ISRAEL - TOTO CUP
19.08.2023,16:00,ISRAEL,TOTO CUP - PLACEMENT PLAY OFFS - 11TH PLACE,Hapoel Tel Aviv,Hapoel Hadera,"2,25","3,5","3,1","1,6","2,3","1,5","2,5",ISRAEL - TOTO CUP - PLACEMENT PLAY OFFS,PLACEMENT PLAY OFFS,ISRAEL - TOTO CUP
19.08.2023,16:00,ISRAEL,TOTO CUP - PLACEMENT PLAY OFFS - 9TH PLACE,SC Ashdod,Hapoel Haifa,"2,25","3,5","3,1","1,6","2,3","1,5","2,5",ISRAEL - TOTO CUP - PLACEMENT PLAY OFFS,PLACEMENT PLAY OFFS,ISRAEL - TOTO CUP
19.08.2023,17:30,ISRAEL,TOTO CUP - PLACEMENT PLAY OFFS - 5TH PLACE,Hapoel Jerusalem,Beitar Jerusalem,"2,25","3,5","3,1","1,6","2,3","1,5","2,5",ISRAEL - TOTO CUP - PLACEMENT PLAY OFFS,PLACEMENT PLAY OFFS,ISRAEL - TOTO CUP
19.08.2023,18:30,ITALY,SERIE B - ROUND 1,Cosenza,Ascoli,"2,7","3,1","2,8","2,35","1,57",2,"1,75",ITALY - SERIE B,SERIE B,ITALY
19.08.2023,18:30,ITALY,SERIE B - ROUND 1,Cremonese,Catanzaro,"1,95","3,4","3,9","1,98","1,88","1,8","1,95",ITALY - SERIE B,SERIE B,ITALY
19.08.2023,18:30,ITALY,SERIE B - ROUND 1,Ternana,Sampdoria,"3,3","3,3","2,2","2,03","1,83","1,75",2,ITALY - SERIE B,SERIE B,ITALY
19.08.2023,09:00,JAPAN,J1 LEAGUE - ROUND 24,Kashima Antlers,Sagan Tosu,"1,67","3,75","5,5","1,93","1,93","1,8","1,95",JAPAN - J1 LEAGUE,J1 LEAGUE,JAPAN
19.08.2023,10:00,JAPAN,J1 LEAGUE - ROUND 24,Gamba Osaka,Shonan Bellmare,"2,05","3,5","3,5","1,85",2,"1,7","2,05",JAPAN - J1 LEAGUE,J1 LEAGUE,JAPAN
19.08.2023,10:00,JAPAN,J1 LEAGUE - ROUND 24,Kyoto,Hokkaido Consadole Sapporo,"3,1","3,5","2,25","1,6","2,3","1,5","2,5",JAPAN - J1 LEAGUE,J1 LEAGUE,JAPAN
19.08.2023,10:00,JAPAN,J1 LEAGUE - ROUND 24,Sanfrecce Hiroshima,Kawasaki Frontale,"2,45","3,3","2,9","1,93","1,93","1,7","2,05",JAPAN - J1 LEAGUE,J1 LEAGUE,JAPAN
19.08.2023,10:00,JAPAN,J1 LEAGUE - ROUND 24,Vissel Kobe,Kashiwa Reysol,"1,73","3,6",5,"1,88","1,98","1,8","1,95",JAPAN - J1 LEAGUE,J1 LEAGUE,JAPAN
19.08.2023,10:30,JAPAN,J1 LEAGUE - ROUND 24,Yokohama F. Marinos,FC Tokyo,"1,67","4,33","4,5","1,4","2,88","1,44","2,63",JAPAN - J1 LEAGUE,J1 LEAGUE,JAPAN
19.08.2023,09:00,JAPAN,J2 LEAGUE - ROUND 31,Iwaki,Verdy,"3,6","3,3","2,1","2,03","1,83","1,8","1,91",JAPAN - J2 LEAGUE,J2 LEAGUE,JAPAN
19.08.2023,09:00,JAPAN,J2 LEAGUE - ROUND 31,Kofu,Iwata,"3,5","3,4","2,1","1,9","1,95","1,73",2,JAPAN - J2 LEAGUE,J2 LEAGUE,JAPAN
19.08.2023,09:00,JAPAN,J2 LEAGUE - ROUND 31,Mito,Blaublitz,"2,45","3,2",3,"2,4","1,53","2,1","1,67",JAPAN - J2 LEAGUE,J2 LEAGUE,JAPAN
19.08.2023,09:00,JAPAN,J2 LEAGUE - ROUND 31,Shimizu S-Pulse,Machida,"2,1","3,4","3,5","2,03","1,83","1,8","1,91",JAPAN - J2 LEAGUE,J2 LEAGUE,JAPAN
19.08.2023,10:00,JAPAN,J2 LEAGUE - ROUND 31,Chiba,Fujieda MYFC,"1,7","3,75",5,"1,83","2,03","1,8","1,91",JAPAN - J2 LEAGUE,J2 LEAGUE,JAPAN
19.08.2023,10:00,JAPAN,J2 LEAGUE - ROUND 31,Montedio Yamagata,Kumamoto,"2,5","3,4","2,75","1,73","2,08","1,57","2,25",JAPAN - J2 LEAGUE,J2 LEAGUE,JAPAN
19.08.2023,10:00,JAPAN,J2 LEAGUE - ROUND 31,Okayama,Oita Trinita,"2,5","3,4","2,75","2,1","1,7","1,83","1,83",JAPAN - J2 LEAGUE,J2 LEAGUE,JAPAN
19.08.2023,10:00,JAPAN,J2 LEAGUE - ROUND 31,V-Varen Nagasaki,Tochigi SC,"2,3","3,2","3,3","2,35","1,57",2,"1,73",JAPAN - J2 LEAGUE,J2 LEAGUE,JAPAN
19.08.2023,10:00,JAPAN,J2 LEAGUE - ROUND 31,Vegalta Sendai,Omiya Ardija,2,"3,4","3,75","1,85",2,"1,67","2,1",JAPAN - J2 LEAGUE,J2 LEAGUE,JAPAN
19.08.2023,18:30,JORDAN,PREMIER LEAGUE - ROUND 3,Shabab Al Ordon,Al Salt,2,"3,4","3,75","1,85",2,"1,67","2,1",JORDAN - PREMIER LEAGUE,PREMIER LEAGUE,JORDAN
19.08.2023,11:00,KAZAKHSTAN,PREMIER LEAGUE - ROUND 20,Shakhter Karagandy,Okzhetpes,2,"3,4","3,75","1,85",2,"1,67","2,1",KAZAKHSTAN - PREMIER LEAGUE,PREMIER LEAGUE,KAZAKHSTAN
19.08.2023,13:00,KAZAKHSTAN,PREMIER LEAGUE - ROUND 20,Kaspij Aktau,Kyzylzhar,2,"3,4","3,75","1,85",2,"1,67","2,1",KAZAKHSTAN - PREMIER LEAGUE,PREMIER LEAGUE,KAZAKHSTAN
19.08.2023,15:00,KAZAKHSTAN,PREMIER LEAGUE - ROUND 20,Aksu,Atyrau,2,"3,4","3,75","1,85",2,"1,67","2,1",KAZAKHSTAN - PREMIER LEAGUE,PREMIER LEAGUE,KAZAKHSTAN
19.08.2023,15:00,KOSOVO,SUPERLIGA - ROUND 2,Gjilani,Prishtina,2,"3,4","3,75","1,85",2,"1,67","2,1",KOSOVO - SUPERLIGA,SUPERLIGA,KOSOVO
19.08.2023,15:00,KOSOVO,SUPERLIGA - ROUND 2,Liria,Drita,2,"3,4","3,75","1,85",2,"1,67","2,1",KOSOVO - SUPERLIGA,SUPERLIGA,KOSOVO
19.08.2023,15:00,KOSOVO,SUPERLIGA - ROUND 2,Malisheva,Fushe Kosova,2,"3,4","3,75","1,85",2,"1,67","2,1",KOSOVO - SUPERLIGA,SUPERLIGA,KOSOVO
19.08.2023,13:30,LEBANON,PREMIER LEAGUE - ROUND 3,Al Hikma,Safa,2,"3,4","3,75","1,85",2,"1,67","2,1",LEBANON - PREMIER LEAGUE,PREMIER LEAGUE,LEBANON
19.08.2023,14:00,LEBANON,PREMIER LEAGUE - ROUND 3,Tadamon,Nejmeh SC,2,"3,4","3,75","1,85",2,"1,67","2,1",LEBANON - PREMIER LEAGUE,PREMIER LEAGUE,LEBANON
19.08.2023,13:00,LITHUANIA,A LYGA - ROUND 27,Dziugas Telsiai,FK Panevezys,2,"3,4","3,75","1,85",2,"1,67","2,1",LITHUANIA - A LYGA,A LYGA,LITHUANIA
19.08.2023,15:00,LITHUANIA,A LYGA - ROUND 27,Banga,Siauliai FA,2,"3,4","3,75","1,85",2,"1,67","2,1",LITHUANIA - A LYGA,A LYGA,LITHUANIA
19.08.2023,12:30,MALAWI,SUPER LEAGUE - ROUND 18,Blue Eagles,Moyale Barracks,2,"3,4","3,75","1,85",2,"1,67","2,1",MALAWI - SUPER LEAGUE,SUPER LEAGUE,MALAWI
19.08.2023,12:30,MALAWI,SUPER LEAGUE - ROUND 18,Chitipa United,Mighty Wanderers,2,"3,4","3,75","1,85",2,"1,67","2,1",MALAWI - SUPER LEAGUE,SUPER LEAGUE,MALAWI
19.08.2023,12:30,MALAWI,SUPER LEAGUE - ROUND 18,Kamuzu Barracks,Civo Utd,2,"3,4","3,75","1,85",2,"1,67","2,1",MALAWI - SUPER LEAGUE,SUPER LEAGUE,MALAWI
19.08.2023,12:30,MALAWI,SUPER LEAGUE - ROUND 18,Mighty Tigers,Dedza Dynamos,2,"3,4","3,75","1,85",2,"1,67","2,1",MALAWI - SUPER LEAGUE,SUPER LEAGUE,MALAWI
19.08.2023,09:30,MALAYSIA,MALAYSIA CUP - 1/8-FINALS,Selangor,PDRM FC,2,"3,4","3,75","1,85",2,"1,67","2,1",MALAYSIA - MALAYSIA CUP,MALAYSIA CUP,MALAYSIA
19.08.2023,12:15,MALAYSIA,MALAYSIA CUP - 1/8-FINALS,Sabah,Kuching City FC,2,"3,4","3,75","1,85",2,"1,67","2,1",MALAYSIA - MALAYSIA CUP,MALAYSIA CUP,MALAYSIA
19.08.2023,13:00,MALAYSIA,MALAYSIA CUP - 1/8-FINALS,Johor DT,Kelantan,2,"3,4","3,75","1,85",2,"1,67","2,1",MALAYSIA - MALAYSIA CUP,MALAYSIA CUP,MALAYSIA
19.08.2023,01:06,MEXICO,LIGA MX - APERTURA - ROUND 4,Club Leon,Mazatlan FC,"1,33",5,"9,5","1,5","2,5","1,75",2,MEXICO - LIGA MX - APERTURA,APERTURA,MEXICO - LIGA MX
19.08.2023,03:00,MEXICO,LIGA MX - APERTURA - ROUND 4,U.N.A.M.- Pumas,Toluca,"2,6","3,5","2,6","1,57","2,35","1,5","2,5",MEXICO - LIGA MX - APERTURA,APERTURA,MEXICO - LIGA MX
19.08.2023,03:06,MEXICO,LIGA MX - APERTURA - ROUND 4,Puebla,Atl. San Luis,"2,25","3,5","3,1","1,6","2,3","1,53","2,38",MEXICO - LIGA MX - APERTURA,APERTURA,MEXICO - LIGA MX
19.08.2023,03:10,MEXICO,LIGA MX - APERTURA - ROUND 4,Juarez,Guadalajara Chivas,"2,7","3,25","2,7","2,25","1,62","1,95","1,8",MEXICO - LIGA MX - APERTURA,APERTURA,MEXICO - LIGA MX
19.08.2023,23:05,MEXICO,LIGA DE EXPANSION MX - APERTURA - ROUND 2,Celaya,Tepatitlan de Morelos,"2,7","3,25","2,7","2,25","1,62","1,95","1,8",MEXICO - LIGA DE EXPANSION MX - APERTURA,APERTURA,MEXICO - LIGA DE EXPANSION MX
19.08.2023,01:00,MEXICO,LIGA MX WOMEN - APERTURA - ROUND 6,Club America W,Cruz Azul W,"2,7","3,25","2,7","2,25","1,62","1,95","1,8",MEXICO - LIGA MX WOMEN - APERTURA,APERTURA,MEXICO - LIGA MX WOMEN
19.08.2023,15:00,MOLDOVA,SUPER LIGA - ROUND 3,Zimbru Chisinau,Sparta Selemet,"2,7","3,25","2,7","2,25","1,62","1,95","1,8",MOLDOVA - SUPER LIGA,SUPER LIGA,MOLDOVA
19.08.2023,17:00,MOLDOVA,SUPER LIGA - ROUND 3,Petrocub,Milsami,"2,7","3,25","2,7","2,25","1,62","1,95","1,8",MOLDOVA - SUPER LIGA,SUPER LIGA,MOLDOVA
19.08.2023,12:30,MOZAMBIQUE,MOCAMBOLA - ROUND 15,Baia de Pemba,Ferroviario Nacala,"2,7","3,25","2,7","2,25","1,62","1,95","1,8",MOZAMBIQUE - MOCAMBOLA,MOCAMBOLA,MOZAMBIQUE
19.08.2023,12:30,MOZAMBIQUE,MOCAMBOLA - ROUND 15,Black Bulls,Ferroviario Quelimane,"2,7","3,25","2,7","2,25","1,62","1,95","1,8",MOZAMBIQUE - MOCAMBOLA,MOCAMBOLA,MOZAMBIQUE
19.08.2023,12:30,NETHERLANDS,TWEEDE DIVISIE - ROUND 1,ACV Assen,Jong Sparta Rotterdam,"2,7","3,25","2,7","2,25","1,62","1,95","1,8",NETHERLANDS - TWEEDE DIVISIE,TWEEDE DIVISIE,NETHERLANDS
19.08.2023,12:30,NETHERLANDS,TWEEDE DIVISIE - ROUND 1,Excelsior Maassluis,Hardenberg,"2,7","3,25","2,7","2,25","1,62","1,95","1,8",NETHERLANDS - TWEEDE DIVISIE,TWEEDE DIVISIE,NETHERLANDS
19.08.2023,12:30,NETHERLANDS,TWEEDE DIVISIE - ROUND 1,Scheveningen,Spakenburg,"2,7","3,25","2,7","2,25","1,62","1,95","1,8",NETHERLANDS - TWEEDE DIVISIE,TWEEDE DIVISIE,NETHERLANDS
19.08.2023,13:00,NETHERLANDS,TWEEDE DIVISIE - ROUND 1,ADO 20 Heemskerk,GVVV,"2,7","3,25","2,7","2,25","1,62","1,95","1,8",NETHERLANDS - TWEEDE DIVISIE,TWEEDE DIVISIE,NETHERLANDS
19.08.2023,13:00,NETHERLANDS,TWEEDE DIVISIE - ROUND 1,AFC,Jong Almere City,"2,7","3,25","2,7","2,25","1,62","1,95","1,8",NETHERLANDS - TWEEDE DIVISIE,TWEEDE DIVISIE,NETHERLANDS
19.08.2023,13:00,NETHERLANDS,TWEEDE DIVISIE - ROUND 1,Rijnsburgse Boys,Kozakken Boys,"2,7","3,25","2,7","2,25","1,62","1,95","1,8",NETHERLANDS - TWEEDE DIVISIE,TWEEDE DIVISIE,NETHERLANDS
19.08.2023,13:30,NETHERLANDS,TWEEDE DIVISIE - ROUND 1,HFC,Noordwijk,"2,7","3,25","2,7","2,25","1,62","1,95","1,8",NETHERLANDS - TWEEDE DIVISIE,TWEEDE DIVISIE,NETHERLANDS
19.08.2023,13:30,NETHERLANDS,TWEEDE DIVISIE - ROUND 1,Katwijk,Lisse,"2,7","3,25","2,7","2,25","1,62","1,95","1,8",NETHERLANDS - TWEEDE DIVISIE,TWEEDE DIVISIE,NETHERLANDS
19.08.2023,16:00,NETHERLANDS,TWEEDE DIVISIE - ROUND 1,De Treffers,Quick Boys,"2,7","3,25","2,7","2,25","1,62","1,95","1,8",NETHERLANDS - TWEEDE DIVISIE,TWEEDE DIVISIE,NETHERLANDS
19.08.2023,01:00,NICARAGUA,LIGA PRIMERA - APERTURA - ROUND 4,Esteli,Sport Sebaco,"2,7","3,25","2,7","2,25","1,62","1,95","1,8",NICARAGUA - LIGA PRIMERA - APERTURA,APERTURA,NICARAGUA - LIGA PRIMERA
19.08.2023,22:00,NORTH & CENTRAL AMERICA,LEAGUES CUP - PLAY OFFS - 3RD PLACE,Philadelphia Union,Monterrey,"2,7","3,25","2,7","2,25","1,62","1,95","1,8",NORTH & CENTRAL AMERICA - LEAGUES CUP - PLAY OFFS,PLAY OFFS,NORTH & CENTRAL AMERICA - LEAGUES CUP
19.08.2023,14:00,NORTHERN IRELAND,NIFL PREMIERSHIP - ROUND 4,Cliftonville,Carrick Rangers,"2,7","3,25","2,7","2,25","1,62","1,95","1,8",NORTHERN IRELAND - NIFL PREMIERSHIP,NIFL PREMIERSHIP,NORTHERN IRELAND
19.08.2023,14:00,NORTHERN IRELAND,NIFL PREMIERSHIP - ROUND 4,Coleraine,Larne,"2,7","3,25","2,7","2,25","1,62","1,95","1,8",NORTHERN IRELAND - NIFL PREMIERSHIP,NIFL PREMIERSHIP,NORTHERN IRELAND
19.08.2023,14:00,NORTHERN IRELAND,NIFL PREMIERSHIP - ROUND 4,Dungannon,Loughgall,"2,7","3,25","2,7","2,25","1,62","1,95","1,8",NORTHERN IRELAND - NIFL PREMIERSHIP,NIFL PREMIERSHIP,NORTHERN IRELAND
19.08.2023,14:00,NORTHERN IRELAND,NIFL PREMIERSHIP - ROUND 4,Glenavon,Newry City,"2,7","3,25","2,7","2,25","1,62","1,95","1,8",NORTHERN IRELAND - NIFL PREMIERSHIP,NIFL PREMIERSHIP,NORTHERN IRELAND
19.08.2023,14:00,NORTHERN IRELAND,NIFL PREMIERSHIP - ROUND 4,Glentoran,Crusaders,"2,7","3,25","2,7","2,25","1,62","1,95","1,8",NORTHERN IRELAND - NIFL PREMIERSHIP,NIFL PREMIERSHIP,NORTHERN IRELAND
19.08.2023,14:00,NORTHERN IRELAND,NIFL CHAMPIONSHIP - ROUND 3,Annagh,Ards,"2,7","3,25","2,7","2,25","1,62","1,95","1,8",NORTHERN IRELAND - NIFL CHAMPIONSHIP,NIFL CHAMPIONSHIP,NORTHERN IRELAND
19.08.2023,14:00,NORTHERN IRELAND,NIFL CHAMPIONSHIP - ROUND 3,Ballinamallard,Knockbreda,"2,7","3,25","2,7","2,25","1,62","1,95","1,8",NORTHERN IRELAND - NIFL CHAMPIONSHIP,NIFL CHAMPIONSHIP,NORTHERN IRELAND
19.08.2023,14:00,NORTHERN IRELAND,NIFL CHAMPIONSHIP - ROUND 3,Ballyclare,Portadown,"2,7","3,25","2,7","2,25","1,62","1,95","1,8",NORTHERN IRELAND - NIFL CHAMPIONSHIP,NIFL CHAMPIONSHIP,NORTHERN IRELAND
19.08.2023,14:00,NORTHERN IRELAND,NIFL CHAMPIONSHIP - ROUND 3,H&W Welders,Dergview,"2,7","3,25","2,7","2,25","1,62","1,95","1,8",NORTHERN IRELAND - NIFL CHAMPIONSHIP,NIFL CHAMPIONSHIP,NORTHERN IRELAND
19.08.2023,14:00,NORTHERN IRELAND,NIFL CHAMPIONSHIP - ROUND 3,Institute,Newington,"2,7","3,25","2,7","2,25","1,62","1,95","1,8",NORTHERN IRELAND - NIFL CHAMPIONSHIP,NIFL CHAMPIONSHIP,NORTHERN IRELAND
19.08.2023,14:00,NORTHERN IRELAND,IRISH LEAGUE CUP - 1/32-FINALS,Banbridge,Coagh Utd,"2,7","3,25","2,7","2,25","1,62","1,95","1,8",NORTHERN IRELAND - IRISH LEAGUE CUP,IRISH LEAGUE CUP,NORTHERN IRELAND
19.08.2023,16:00,NORWAY,ELITESERIEN - ROUND 19,Molde,Valerenga,"1,5","4,33","6,5","1,5","2,5","1,62","2,2",NORWAY - ELITESERIEN,ELITESERIEN,NORWAY
19.08.2023,16:00,NORWAY,ELITESERIEN - ROUND 19,Odd,Sarpsborg 08,"2,7","3,4","2,6","1,53","2,4","1,44","2,63",NORWAY - ELITESERIEN,ELITESERIEN,NORWAY
19.08.2023,13:00,NORWAY,OBOS-LIGAEN - ROUND 19,Hodd,Skeid,"1,95","3,5",4,"1,88","1,98","1,73",2,NORWAY - OBOS-LIGAEN,OBOS-LIGAEN,NORWAY
19.08.2023,13:00,NORWAY,OBOS-LIGAEN - ROUND 19,Jerv,Sandnes,"2,1","3,6","3,4","1,53","2,4","1,44","2,63",NORWAY - OBOS-LIGAEN,OBOS-LIGAEN,NORWAY
19.08.2023,13:00,NORWAY,OBOS-LIGAEN - ROUND 19,Ranheim,KFUM Oslo,"3,75","3,75","1,95","1,57","2,35","1,5","2,5",NORWAY - OBOS-LIGAEN,OBOS-LIGAEN,NORWAY
19.08.2023,13:00,NORWAY,OBOS-LIGAEN - ROUND 19,Sogndal,Kongsvinger,"2,1","3,5","3,5","1,65","2,2","1,53","2,38",NORWAY - OBOS-LIGAEN,OBOS-LIGAEN,NORWAY
19.08.2023,14:00,PALESTINE,WEST BANK LEAGUE - ROUND 1,Albirah,Shabab Alsamu,"2,1","3,5","3,5","1,65","2,2","1,53","2,38",PALESTINE - WEST BANK LEAGUE,WEST BANK LEAGUE,PALESTINE
19.08.2023,16:00,PALESTINE,WEST BANK LEAGUE - ROUND 1,Jabal Al Mukaber,Thaqafi Tulkarem,"2,1","3,5","3,5","1,65","2,2","1,53","2,38",PALESTINE - WEST BANK LEAGUE,WEST BANK LEAGUE,PALESTINE
19.08.2023,01:00,PANAMA,LPF - CLAUSURA - ROUND 5,Plaza Amador,Arabe Unido,"2,1","3,5","3,5","1,65","2,2","1,53","2,38",PANAMA - LPF - CLAUSURA,CLAUSURA,PANAMA - LPF
19.08.2023,21:00,PANAMA,LPF - CLAUSURA - ROUND 5,Deportivo Universitario,San Francisco,"2,1","3,5","3,5","1,65","2,2","1,53","2,38",PANAMA - LPF - CLAUSURA,CLAUSURA,PANAMA - LPF
19.08.2023,23:15,PANAMA,LPF - CLAUSURA - ROUND 5,Chiriqui,Herrera,"2,1","3,5","3,5","1,65","2,2","1,53","2,38",PANAMA - LPF - CLAUSURA,CLAUSURA,PANAMA - LPF
19.08.2023,21:00,PARAGUAY,PRIMERA DIVISION - CLAUSURA - ROUND 7,Guarani,Ameliano,"2,1","3,5","3,5","1,65","2,2","1,53","2,38",PARAGUAY - PRIMERA DIVISION - CLAUSURA,CLAUSURA,PARAGUAY - PRIMERA DIVISION
19.08.2023,23:30,PARAGUAY,PRIMERA DIVISION - CLAUSURA - ROUND 7,Libertad Asuncion,Sportivo Trinidense,"2,1","3,5","3,5","1,65","2,2","1,53","2,38",PARAGUAY - PRIMERA DIVISION - CLAUSURA,CLAUSURA,PARAGUAY - PRIMERA DIVISION
19.08.2023,18:00,PERU,LIGA 1 - CLAUSURA - ROUND 10,Alianza Atl.,Union Comercio,"2,1","3,5","3,5","1,65","2,2","1,53","2,38",PERU - LIGA 1 - CLAUSURA,CLAUSURA,PERU - LIGA 1
19.08.2023,20:30,PERU,LIGA 1 - CLAUSURA - ROUND 10,Cusco,FBC Melgar,"2,1","3,5","3,5","1,65","2,2","1,53","2,38",PERU - LIGA 1 - CLAUSURA,CLAUSURA,PERU - LIGA 1
19.08.2023,22:45,PERU,LIGA 1 - CLAUSURA - ROUND 10,Sport Huancayo,Carlos Mannucci,"2,1","3,5","3,5","1,65","2,2","1,53","2,38",PERU - LIGA 1 - CLAUSURA,CLAUSURA,PERU - LIGA 1
19.08.2023,08:00,PHILIPPINES,COPA PAULINO ALCANTARA,Adamson University,Mendiola FC 1991,"2,1","3,5","3,5","1,65","2,2","1,53","2,38",PHILIPPINES,,PHILIPPINES
20.08.2023,07:00,PHILIPPINES,COPA PAULINO ALCANTARA,Cebu FC,University Of The Philippines,"2,1","3,5","3,5","1,65","2,2","1,53","2,38",PHILIPPINES,,PHILIPPINES
19.08.2023,10:30,PHILIPPINES,COPA PAULINO ALCANTARA,Kaya,Don Bosco Garelli,"2,1","3,5","3,5","1,65","2,2","1,53","2,38",PHILIPPINES,,PHILIPPINES
19.08.2023,13:00,POLAND,EKSTRAKLASA - ROUND 5,Radomiak Radom,Warta Poznan,"1,95","3,4",4,"2,25","1,62",2,"1,75",POLAND - EKSTRAKLASA,EKSTRAKLASA,POLAND
19.08.2023,15:30,POLAND,EKSTRAKLASA - ROUND 5,Rakow,Stal Mielec,"1,44","4,5","6,5","1,73","2,08","1,95","1,8",POLAND - EKSTRAKLASA,EKSTRAKLASA,POLAND
19.08.2023,18:00,POLAND,EKSTRAKLASA - ROUND 5,Ruch Chorzow,Jagiellonia,"2,63","3,3","2,63","1,98","1,88","1,75",2,POLAND - EKSTRAKLASA,EKSTRAKLASA,POLAND
19.08.2023,13:00,POLAND,DIVISION 1 - ROUND 5,Wisla Plock,Termalica B-B.,"2,15","3,3","3,1","1,93","1,93","1,73",2,POLAND - DIVISION 1,DIVISION 1,POLAND
19.08.2023,15:30,POLAND,DIVISION 1 - ROUND 5,Motor Lublin,Leczna,"2,05","3,3","3,3","2,1","1,78","1,83","1,83",POLAND - DIVISION 1,DIVISION 1,POLAND
19.08.2023,18:00,POLAND,DIVISION 1 - ROUND 5,Chrobry Glogow,Polonia Warszawa,"2,45","3,25","2,63","1,78","2,1","1,62","2,2",POLAND - DIVISION 1,DIVISION 1,POLAND
19.08.2023,10:00,POLAND,CENTRAL YOUTH LEAGUE - ROUND 2,Cracovia U19,Odra Opole U19,"2,45","3,25","2,63","1,78","2,1","1,62","2,2",POLAND - CENTRAL YOUTH LEAGUE,CENTRAL YOUTH LEAGUE,POLAND
19.08.2023,10:00,POLAND,CENTRAL YOUTH LEAGUE - ROUND 2,Polonia W. U19,Rakow Czestochowa U19,"2,45","3,25","2,63","1,78","2,1","1,62","2,2",POLAND - CENTRAL YOUTH LEAGUE,CENTRAL YOUTH LEAGUE,POLAND
19.08.2023,10:00,POLAND,EKSTRALIGA WOMEN - ROUND 1,Slask Wroclaw W,Stomilanki Olsztyn W,"2,45","3,25","2,63","1,78","2,1","1,62","2,2",POLAND - EKSTRALIGA WOMEN,EKSTRALIGA WOMEN,POLAND
19.08.2023,10:00,POLAND,EKSTRALIGA WOMEN - ROUND 1,UJ Krakow W,Pogon Szczecin W,"2,45","3,25","2,63","1,78","2,1","1,62","2,2",POLAND - EKSTRALIGA WOMEN,EKSTRALIGA WOMEN,POLAND
19.08.2023,12:20,POLAND,EKSTRALIGA WOMEN - ROUND 1,GKS Katowice W,Czarni Sosnowiec W,"2,45","3,25","2,63","1,78","2,1","1,62","2,2",POLAND - EKSTRALIGA WOMEN,EKSTRALIGA WOMEN,POLAND
19.08.2023,14:00,POLAND,EKSTRALIGA WOMEN - ROUND 1,Pogon Tczew W,UKS SMS Lodz W,"2,45","3,25","2,63","1,78","2,1","1,62","2,2",POLAND - EKSTRALIGA WOMEN,EKSTRALIGA WOMEN,POLAND
19.08.2023,14:30,PORTUGAL,LIGA PORTUGAL - ROUND 2,Vitoria Guimaraes,Gil Vicente,"2,05","3,3","3,5","2,1","1,7","1,91","1,91",PORTUGAL - LIGA PORTUGAL,LIGA PORTUGAL,PORTUGAL
19.08.2023,17:00,PORTUGAL,LIGA PORTUGAL - ROUND 2,Chaves,Braga,"4,75",4,"1,65","1,73","2,08","1,75",2,PORTUGAL - LIGA PORTUGAL,LIGA PORTUGAL,PORTUGAL
19.08.2023,19:30,PORTUGAL,LIGA PORTUGAL - ROUND 2,Benfica,Estrela,"1,08","9,5",23,"1,36","3,1","2,5","1,5",PORTUGAL - LIGA PORTUGAL,LIGA PORTUGAL,PORTUGAL
19.08.2023,19:30,PORTUGAL,LIGA PORTUGAL - ROUND 2,Portimonense,Boavista,"2,6","3,25","2,7","2,1","1,7","1,91","1,91",PORTUGAL - LIGA PORTUGAL,LIGA PORTUGAL,PORTUGAL
19.08.2023,10:00,PORTUGAL,LIGA PORTUGAL 2 - ROUND 2,Mafra,Pacos Ferreira,"2,63","3,25","2,45","1,93","1,93","1,73",2,PORTUGAL - LIGA PORTUGAL 2,LIGA PORTUGAL 2,PORTUGAL
19.08.2023,13:00,PORTUGAL,LIGA PORTUGAL 2 - ROUND 2,Leiria,Benfica B,"1,91","3,4","3,75","1,83","2,03","1,67","2,1",PORTUGAL - LIGA PORTUGAL 2,LIGA PORTUGAL 2,PORTUGAL
19.08.2023,14:30,PORTUGAL,LIGA PORTUGAL 2 - ROUND 2,Tondela,Academico Viseu,"2,2","3,25",3,"2,05","1,75","1,83","1,83",PORTUGAL - LIGA PORTUGAL 2,LIGA PORTUGAL 2,PORTUGAL
19.08.2023,15:00,PORTUGAL,LIGA 3 - ROUND 3,Lusitania FC,SC Vianense,"2,2","3,25",3,"2,05","1,75","1,83","1,83",PORTUGAL - LIGA 3,LIGA 3,PORTUGAL
19.08.2023,17:00,PORTUGAL,LIGA 3 - ROUND 3,Caldas,Alverca,"2,2","3,25",3,"2,05","1,75","1,83","1,83",PORTUGAL - LIGA 3,LIGA 3,PORTUGAL
19.08.2023,17:00,PORTUGAL,LIGA 3 - ROUND 3,Pero Pinheiro,1 Dezembro,"2,2","3,25",3,"2,05","1,75","1,83","1,83",PORTUGAL - LIGA 3,LIGA 3,PORTUGAL
19.08.2023,14:00,ROMANIA,LIGA 1 - ROUND 6,FC Botosani,Otelul,"2,05","3,2","3,75","2,35","1,57","2,1","1,67",ROMANIA - LIGA 1,LIGA 1,ROMANIA
19.08.2023,18:45,ROMANIA,LIGA 1 - ROUND 6,FC Voluntari,Din. Bucuresti,"1,91","3,5","3,8","2,15","1,67",2,"1,73",ROMANIA - LIGA 1,LIGA 1,ROMANIA
19.08.2023,08:00,ROMANIA,LIGA 2 - ROUND 3,CSM Alexandria,Selimbar,"1,91","3,5","3,8","2,15","1,67",2,"1,73",ROMANIA - LIGA 2,LIGA 2,ROMANIA
19.08.2023,08:00,ROMANIA,LIGA 2 - ROUND 3,CSM Resita,CSC Dumbravita,"1,91","3,5","3,8","2,15","1,67",2,"1,73",ROMANIA - LIGA 2,LIGA 2,ROMANIA
19.08.2023,08:00,ROMANIA,LIGA 2 - ROUND 3,Metaloglobus Bucharest,CSM Slatina,"1,91","3,5","3,8","2,15","1,67",2,"1,73",ROMANIA - LIGA 2,LIGA 2,ROMANIA
19.08.2023,08:00,ROMANIA,LIGA 2 - ROUND 3,Progresul Spartac,Concordia,"1,91","3,5","3,8","2,15","1,67",2,"1,73",ROMANIA - LIGA 2,LIGA 2,ROMANIA
19.08.2023,08:00,ROMANIA,LIGA 2 - ROUND 3,Viitorul Tg. Jiu,Ceahlaul,"1,91","3,5","3,8","2,15","1,67",2,"1,73",ROMANIA - LIGA 2,LIGA 2,ROMANIA
19.08.2023,09:00,ROMANIA,LIGA 2 - ROUND 3,Corvinul Hunedoara,Csikszereda M. Ciuc,"1,91","3,5","3,8","2,15","1,67",2,"1,73",ROMANIA - LIGA 2,LIGA 2,ROMANIA
19.08.2023,12:00,RUSSIA,PREMIER LEAGUE - ROUND 5,Dynamo Moscow,CSKA Moscow,"1,91","3,5","3,8","2,15","1,67",2,"1,73",RUSSIA - PREMIER LEAGUE,PREMIER LEAGUE,RUSSIA
19.08.2023,14:30,RUSSIA,PREMIER LEAGUE - ROUND 5,Baltika,Ural,"1,91","3,5","3,8","2,15","1,67",2,"1,73",RUSSIA - PREMIER LEAGUE,PREMIER LEAGUE,RUSSIA
19.08.2023,16:30,RUSSIA,PREMIER LEAGUE - ROUND 5,Krasnodar,Lokomotiv Moscow,"1,91","3,5","3,8","2,15","1,67",2,"1,73",RUSSIA - PREMIER LEAGUE,PREMIER LEAGUE,RUSSIA
19.08.2023,17:00,RUSSIA,PREMIER LEAGUE - ROUND 5,Sochi,FK Rostov,"1,91","3,5","3,8","2,15","1,67",2,"1,73",RUSSIA - PREMIER LEAGUE,PREMIER LEAGUE,RUSSIA
19.08.2023,14:00,RUSSIA,FNL - ROUND 6,Shinnik Yaroslavl,Kuban,"1,91","3,5","3,8","2,15","1,67",2,"1,73",RUSSIA - FNL,FNL,RUSSIA
19.08.2023,14:30,RUSSIA,FNL - ROUND 6,Saratov,Khimki,"1,91","3,5","3,8","2,15","1,67",2,"1,73",RUSSIA - FNL,FNL,RUSSIA
19.08.2023,15:00,RUSSIA,FNL - ROUND 6,Volgar-Astrakhan,Yenisey,"1,91","3,5","3,8","2,15","1,67",2,"1,73",RUSSIA - FNL,FNL,RUSSIA
19.08.2023,15:00,SAUDI ARABIA,SAUDI PROFESSIONAL LEAGUE - ROUND 2,Abha,Al Raed,"1,91","3,5","3,8","2,15","1,67",2,"1,73",SAUDI ARABIA - SAUDI PROFESSIONAL LEAGUE,SAUDI PROFESSIONAL LEAGUE,SAUDI ARABIA
19.08.2023,18:00,SAUDI ARABIA,SAUDI PROFESSIONAL LEAGUE - ROUND 2,Al Hilal,Al Feiha,"1,91","3,5","3,8","2,15","1,67",2,"1,73",SAUDI ARABIA - SAUDI PROFESSIONAL LEAGUE,SAUDI PROFESSIONAL LEAGUE,SAUDI ARABIA
19.08.2023,18:00,SAUDI ARABIA,SAUDI PROFESSIONAL LEAGUE - ROUND 2,Al Ittihad,Al Taee,"1,91","3,5","3,8","2,15","1,67",2,"1,73",SAUDI ARABIA - SAUDI PROFESSIONAL LEAGUE,SAUDI PROFESSIONAL LEAGUE,SAUDI ARABIA
19.08.2023,14:00,SCOTLAND,CHAMPIONSHIP - ROUND 11,Arbroath,Queen's Park,3,"3,75","1,95","1,93","1,93","1,83","1,83",SCOTLAND - CHAMPIONSHIP,CHAMPIONSHIP,SCOTLAND
19.08.2023,14:00,SCOTLAND,LEAGUE ONE - ROUND 3,Edinburgh City,Hamilton,3,"3,75","1,95","1,93","1,93","1,83","1,83",SCOTLAND - LEAGUE ONE,LEAGUE ONE,SCOTLAND
19.08.2023,14:00,SCOTLAND,LEAGUE ONE - ROUND 3,Kelty Hearts,Alloa,3,"3,75","1,95","1,93","1,93","1,83","1,83",SCOTLAND - LEAGUE ONE,LEAGUE ONE,SCOTLAND
19.08.2023,14:00,SCOTLAND,LEAGUE ONE - ROUND 3,Montrose,Cove Rangers,3,"3,75","1,95","1,93","1,93","1,83","1,83",SCOTLAND - LEAGUE ONE,LEAGUE ONE,SCOTLAND
19.08.2023,14:00,SCOTLAND,LEAGUE ONE - ROUND 3,Queen of South,Annan,3,"3,75","1,95","1,93","1,93","1,83","1,83",SCOTLAND - LEAGUE ONE,LEAGUE ONE,SCOTLAND
19.08.2023,14:00,SCOTLAND,LEAGUE TWO - ROUND 3,Bonnyrigg Rose,Stranraer,3,"3,75","1,95","1,93","1,93","1,83","1,83",SCOTLAND - LEAGUE TWO,LEAGUE TWO,SCOTLAND
19.08.2023,14:00,SCOTLAND,LEAGUE TWO - ROUND 3,Clyde,Peterhead,3,"3,75","1,95","1,93","1,93","1,83","1,83",SCOTLAND - LEAGUE TWO,LEAGUE TWO,SCOTLAND
19.08.2023,14:00,SCOTLAND,LEAGUE TWO - ROUND 3,Dumbarton,Forfar Athletic,3,"3,75","1,95","1,93","1,93","1,83","1,83",SCOTLAND - LEAGUE TWO,LEAGUE TWO,SCOTLAND
19.08.2023,14:00,SCOTLAND,LEAGUE TWO - ROUND 3,East Fife,Stenhousemuir,3,"3,75","1,95","1,93","1,93","1,83","1,83",SCOTLAND - LEAGUE TWO,LEAGUE TWO,SCOTLAND
19.08.2023,14:00,SCOTLAND,LEAGUE TWO - ROUND 3,Spartans,Elgin City,3,"3,75","1,95","1,93","1,93","1,83","1,83",SCOTLAND - LEAGUE TWO,LEAGUE TWO,SCOTLAND
19.08.2023,11:30,SCOTLAND,LEAGUE CUP - PLAY OFFS - 1/8-FINALS,Rangers,Morton,"1,08",10,29,"1,4","2,88","2,75","1,4",SCOTLAND - LEAGUE CUP - PLAY OFFS,PLAY OFFS,SCOTLAND - LEAGUE CUP
19.08.2023,14:00,SCOTLAND,LEAGUE CUP - PLAY OFFS - 1/8-FINALS,Airdrieonians,Ross County,3,"3,25","2,15","1,88","1,98","1,7","2,05",SCOTLAND - LEAGUE CUP - PLAY OFFS,PLAY OFFS,SCOTLAND - LEAGUE CUP
19.08.2023,14:00,SCOTLAND,LEAGUE CUP - PLAY OFFS - 1/8-FINALS,Livingston,Ayr,"1,85","3,4","3,75","2,1","1,7","1,95","1,8",SCOTLAND - LEAGUE CUP - PLAY OFFS,PLAY OFFS,SCOTLAND - LEAGUE CUP
19.08.2023,14:00,SCOTLAND,LEAGUE CUP - PLAY OFFS - 1/8-FINALS,St. Mirren,Motherwell,"2,15","3,2","3,1","2,03","1,83","1,8","1,95",SCOTLAND - LEAGUE CUP - PLAY OFFS,PLAY OFFS,SCOTLAND - LEAGUE CUP
19.08.2023,17:00,SERBIA,SUPER LIGA - ROUND 4,Vojvodina,Radnicki Nis,"2,15","3,2","3,1","2,03","1,83","1,8","1,95",SERBIA - SUPER LIGA,SUPER LIGA,SERBIA
19.08.2023,18:30,SERBIA,SUPER LIGA - ROUND 4,Crvena zvezda,Sp. Subotica,"2,15","3,2","3,1","2,03","1,83","1,8","1,95",SERBIA - SUPER LIGA,SUPER LIGA,SERBIA
19.08.2023,19:00,SERBIA,SUPER LIGA - ROUND 4,Zeleznicar Pancevo,FK Vozdovac,"2,15","3,2","3,1","2,03","1,83","1,8","1,95",SERBIA - SUPER LIGA,SUPER LIGA,SERBIA
19.08.2023,17:00,SERBIA,PRVA LIGA - ROUND 3,Macva,Radnicki S. Mitrovica,"2,15","3,2","3,1","2,03","1,83","1,8","1,95",SERBIA - PRVA LIGA,PRVA LIGA,SERBIA
19.08.2023,17:00,SERBIA,PRVA LIGA - ROUND 3,Metalac,Tekstilac Odzaci,"2,15","3,2","3,1","2,03","1,83","1,8","1,95",SERBIA - PRVA LIGA,PRVA LIGA,SERBIA
19.08.2023,17:00,SERBIA,PRVA LIGA - ROUND 3,Sloboda,Kolubara,"2,15","3,2","3,1","2,03","1,83","1,8","1,95",SERBIA - PRVA LIGA,PRVA LIGA,SERBIA
19.08.2023,10:00,SINGAPORE,PREMIER LEAGUE,Geylang,Young Lions,"1,36",5,"5,75","1,2","4,33","1,33","3,25",SINGAPORE,,SINGAPORE
19.08.2023,10:00,SINGAPORE,PREMIER LEAGUE,Hougang,Tanjong Pagar,"1,73","4,2","3,4","1,22","4,2","1,25","3,75",SINGAPORE,,SINGAPORE
19.08.2023,16:00,SLOVAKIA,NIKE LIGA - ROUND 4,Kosice,Zilina,"1,73","4,2","3,4","1,22","4,2","1,25","3,75",SLOVAKIA - NIKE LIGA,NIKE LIGA,SLOVAKIA
19.08.2023,16:00,SLOVAKIA,NIKE LIGA - ROUND 4,Trencin,Ruzomberok,"1,73","4,2","3,4","1,22","4,2","1,25","3,75",SLOVAKIA - NIKE LIGA,NIKE LIGA,SLOVAKIA
19.08.2023,14:30,SLOVAKIA,2. LIGA - ROUND 4,Komarno,Presov,"1,73","4,2","3,4","1,22","4,2","1,25","3,75",SLOVAKIA - 2. LIGA,2. LIGA,SLOVAKIA
19.08.2023,14:30,SLOVAKIA,2. LIGA - ROUND 4,Povazska Bystrica,Trebisov,"1,73","4,2","3,4","1,22","4,2","1,25","3,75",SLOVAKIA - 2. LIGA,2. LIGA,SLOVAKIA
19.08.2023,14:30,SLOVAKIA,2. LIGA - ROUND 4,Puchov,Malzenice,"1,73","4,2","3,4","1,22","4,2","1,25","3,75",SLOVAKIA - 2. LIGA,2. LIGA,SLOVAKIA
19.08.2023,09:00,SLOVAKIA,1. LIGA WOMEN - ROUND 2,Presov W,Trencin W,"1,73","4,2","3,4","1,22","4,2","1,25","3,75",SLOVAKIA - 1. LIGA WOMEN,1. LIGA WOMEN,SLOVAKIA
19.08.2023,14:00,SLOVAKIA,1. LIGA WOMEN - ROUND 2,Topolcany GFC W,Myjava W,"1,73","4,2","3,4","1,22","4,2","1,25","3,75",SLOVAKIA - 1. LIGA WOMEN,1. LIGA WOMEN,SLOVAKIA
19.08.2023,14:00,SLOVAKIA,1. LIGA WOMEN - ROUND 2,Zilina W,Trnava W,"1,73","4,2","3,4","1,22","4,2","1,25","3,75",SLOVAKIA - 1. LIGA WOMEN,1. LIGA WOMEN,SLOVAKIA
19.08.2023,15:00,SLOVAKIA,1. LIGA WOMEN - ROUND 2,Petrzalka W,B. Bystrica W,"1,73","4,2","3,4","1,22","4,2","1,25","3,75",SLOVAKIA - 1. LIGA WOMEN,1. LIGA WOMEN,SLOVAKIA
19.08.2023,15:30,SLOVENIA,PRVA LIGA - ROUND 5,Mura,Radomlje,"1,73","4,2","3,4","1,22","4,2","1,25","3,75",SLOVENIA - PRVA LIGA,PRVA LIGA,SLOVENIA
19.08.2023,18:15,SLOVENIA,PRVA LIGA - ROUND 5,Aluminij,O. Ljubljana,"1,73","4,2","3,4","1,22","4,2","1,25","3,75",SLOVENIA - PRVA LIGA,PRVA LIGA,SLOVENIA
19.08.2023,15:30,SLOVENIA,2. SNL - ROUND 5,Grosuplje,Beltinci,"1,73","4,2","3,4","1,22","4,2","1,25","3,75",SLOVENIA - 2. SNL,2. SNL,SLOVENIA
19.08.2023,15:30,SLOVENIA,2. SNL - ROUND 5,Jadran Dekani,ND Gorica,"1,73","4,2","3,4","1,22","4,2","1,25","3,75",SLOVENIA - 2. SNL,2. SNL,SLOVENIA
19.08.2023,15:30,SLOVENIA,2. SNL - ROUND 5,Nafta,Fuzinar,"1,73","4,2","3,4","1,22","4,2","1,25","3,75",SLOVENIA - 2. SNL,2. SNL,SLOVENIA
19.08.2023,15:30,SLOVENIA,2. SNL - ROUND 5,Tolmin,Triglav,"1,73","4,2","3,4","1,22","4,2","1,25","3,75",SLOVENIA - 2. SNL,2. SNL,SLOVENIA
19.08.2023,13:00,SOUTH AFRICA,PREMIER LEAGUE - ROUND 3,Polokwane,Cape Town Spurs,"1,73","4,2","3,4","1,22","4,2","1,25","3,75",SOUTH AFRICA - PREMIER LEAGUE,PREMIER LEAGUE,SOUTH AFRICA
19.08.2023,15:30,SOUTH AFRICA,PREMIER LEAGUE - ROUND 3,AmaZulu,Richards Bay,"1,73","4,2","3,4","1,22","4,2","1,25","3,75",SOUTH AFRICA - PREMIER LEAGUE,PREMIER LEAGUE,SOUTH AFRICA
19.08.2023,18:00,SOUTH AFRICA,PREMIER LEAGUE - ROUND 6,Chippa Utd.,Mamelodi Sundowns,"1,73","4,2","3,4","1,22","4,2","1,25","3,75",SOUTH AFRICA - PREMIER LEAGUE,PREMIER LEAGUE,SOUTH AFRICA
19.08.2023,10:00,SOUTH KOREA,K LEAGUE 1 - ROUND 27,Gangwon,Suwon FC,"2,15","3,3","2,88","1,8",2,"1,62","2,2",SOUTH KOREA - K LEAGUE 1,K LEAGUE 1,SOUTH KOREA
19.08.2023,10:00,SOUTH KOREA,K LEAGUE 1 - ROUND 27,Ulsan Hyundai,Jeonbuk,"2,1","3,3",3,"1,88","1,98","1,73",2,SOUTH KOREA - K LEAGUE 1,K LEAGUE 1,SOUTH KOREA
19.08.2023,10:30,SOUTH KOREA,K LEAGUE 1 - ROUND 27,Seoul,Daegu,2,"3,25","3,4","2,1","1,7","1,83","1,83",SOUTH KOREA - K LEAGUE 1,K LEAGUE 1,SOUTH KOREA
19.08.2023,10:00,SOUTH KOREA,K LEAGUE 2 - ROUND 27,Ansan Greeners,Asan,"3,6","3,4","1,91",2,"1,8","1,8","1,91",SOUTH KOREA - K LEAGUE 2,K LEAGUE 2,SOUTH KOREA
19.08.2023,10:30,SOUTH KOREA,K LEAGUE 2 - ROUND 27,Cheongju,Gimpo FC,"2,88","2,9","2,45","2,6","1,48","2,1","1,67",SOUTH KOREA - K LEAGUE 2,K LEAGUE 2,SOUTH KOREA
19.08.2023,15:00,SPAIN,LALIGA2 - ROUND 2,Eibar,Elche,"2,2","3,1","3,6","2,4","1,53","2,1","1,67",SPAIN - LALIGA2,LALIGA2,SPAIN
19.08.2023,17:00,SPAIN,LALIGA2 - ROUND 2,Espanyol,Racing Santander,"1,8","3,5","4,75","2,25","1,62","2,1","1,67",SPAIN - LALIGA2,LALIGA2,SPAIN
19.08.2023,17:30,SPAIN,LALIGA2 - ROUND 2,Levante,Burgos CF,"1,67","3,5",6,"2,4","1,53","2,38","1,53",SPAIN - LALIGA2,LALIGA2,SPAIN
19.08.2023,20:00,SPAIN,LALIGA2 - ROUND 2,Alcorcon,Leganes,"2,55","2,88","3,25","2,7","1,44","2,1","1,67",SPAIN - LALIGA2,LALIGA2,SPAIN
19.08.2023,13:00,SWEDEN,ALLSVENSKAN - ROUND 20,Brommapojkarna,Halmstad,2,"3,5","3,75","1,88","1,98","1,7","2,05",SWEDEN - ALLSVENSKAN,ALLSVENSKAN,SWEDEN
19.08.2023,13:00,SWEDEN,ALLSVENSKAN - ROUND 20,Degerfors,Goteborg,"2,75","3,5","2,5","1,88","1,98","1,7","2,05",SWEDEN - ALLSVENSKAN,ALLSVENSKAN,SWEDEN
19.08.2023,15:30,SWEDEN,ALLSVENSKAN - ROUND 20,Varberg,Varnamo,"2,9","3,25","2,5",2,"1,85","1,75",2,SWEDEN - ALLSVENSKAN,ALLSVENSKAN,SWEDEN
19.08.2023,11:00,SWEDEN,SUPERETTAN - ROUND 19,Landskrona,Brage,"2,25","3,4","2,8","1,8",2,"1,62","2,2",SWEDEN - SUPERETTAN,SUPERETTAN,SWEDEN
19.08.2023,11:00,SWEDEN,SUPERETTAN - ROUND 19,Skovde AIK,Sundsvall,"2,3","3,4","2,9","1,65","2,2","1,53","2,38",SWEDEN - SUPERETTAN,SUPERETTAN,SWEDEN
19.08.2023,13:00,SWEDEN,SUPERETTAN - ROUND 19,Jonkoping,Helsingborg,"2,38","3,4","2,9","1,85",2,"1,67","2,1",SWEDEN - SUPERETTAN,SUPERETTAN,SWEDEN
19.08.2023,15:00,SWEDEN,SUPERETTAN - ROUND 19,Gefle,Orebro,"3,5","3,6",2,"1,75","2,05","1,67","2,1",SWEDEN - SUPERETTAN,SUPERETTAN,SWEDEN
19.08.2023,16:00,SWITZERLAND,PROMOTION LEAGUE,Basel II,Zurich II,"3,5","3,6",2,"1,75","2,05","1,67","2,1",SWITZERLAND,,SWITZERLAND
19.08.2023,17:00,SWITZERLAND,PROMOTION LEAGUE,Biel,Young Boys II,"3,5","3,6",2,"1,75","2,05","1,67","2,1",SWITZERLAND,,SWITZERLAND
19.08.2023,14:00,SWITZERLAND,SWISS CUP - 1/32-FINALS,Affoltern,Baden,"3,5","3,6",2,"1,75","2,05","1,67","2,1",SWITZERLAND - SWISS CUP,SWISS CUP,SWITZERLAND
19.08.2023,14:00,SWITZERLAND,SWISS CUP - 1/32-FINALS,FC Buchs,Bellinzona,"3,5","3,6",2,"1,75","2,05","1,67","2,1",SWITZERLAND - SWISS CUP,SWISS CUP,SWITZERLAND
19.08.2023,14:00,SWITZERLAND,SWISS CUP - 1/32-FINALS,Grand-Saconnex,Lausanne Ouchy,"3,5","3,6",2,"1,75","2,05","1,67","2,1",SWITZERLAND - SWISS CUP,SWISS CUP,SWITZERLAND
19.08.2023,14:00,SWITZERLAND,SWISS CUP - 1/32-FINALS,Hongg,Rapperswil,"3,5","3,6",2,"1,75","2,05","1,67","2,1",SWITZERLAND - SWISS CUP,SWISS CUP,SWITZERLAND
19.08.2023,14:00,SWITZERLAND,SWISS CUP - 1/32-FINALS,Wettswil-Bonstetten,Winterthur,"3,5","3,6",2,"1,75","2,05","1,67","2,1",SWITZERLAND - SWISS CUP,SWISS CUP,SWITZERLAND
19.08.2023,15:00,SWITZERLAND,SWISS CUP - 1/32-FINALS,Dietikon,Aarau,"3,5","3,6",2,"1,75","2,05","1,67","2,1",SWITZERLAND - SWISS CUP,SWISS CUP,SWITZERLAND
19.08.2023,15:00,SWITZERLAND,SWISS CUP - 1/32-FINALS,Haute-Gruyere,Yverdon,"3,5","3,6",2,"1,75","2,05","1,67","2,1",SWITZERLAND - SWISS CUP,SWISS CUP,SWITZERLAND
19.08.2023,15:30,SWITZERLAND,SWISS CUP - 1/32-FINALS,Courtetelle,Black Stars,"3,5","3,6",2,"1,75","2,05","1,67","2,1",SWITZERLAND - SWISS CUP,SWISS CUP,SWITZERLAND
19.08.2023,15:30,SWITZERLAND,SWISS CUP - 1/32-FINALS,Schonenwerd-Niedergosgen,Greifensee,"3,5","3,6",2,"1,75","2,05","1,67","2,1",SWITZERLAND - SWISS CUP,SWISS CUP,SWITZERLAND
19.08.2023,16:00,SWITZERLAND,SWISS CUP - 1/32-FINALS,AC Malcantone,Tuggen,"3,5","3,6",2,"1,75","2,05","1,67","2,1",SWITZERLAND - SWISS CUP,SWISS CUP,SWITZERLAND
19.08.2023,16:00,SWITZERLAND,SWISS CUP - 1/32-FINALS,Frutigen,Thun,"3,5","3,6",2,"1,75","2,05","1,67","2,1",SWITZERLAND - SWISS CUP,SWISS CUP,SWITZERLAND
19.08.2023,16:00,SWITZERLAND,SWISS CUP - 1/32-FINALS,Gunzwil,Lugano,"3,5","3,6",2,"1,75","2,05","1,67","2,1",SWITZERLAND - SWISS CUP,SWISS CUP,SWITZERLAND
19.08.2023,16:00,SWITZERLAND,SWISS CUP - 1/32-FINALS,Mendrisio,Kriens,"3,5","3,6",2,"1,75","2,05","1,67","2,1",SWITZERLAND - SWISS CUP,SWISS CUP,SWITZERLAND
19.08.2023,16:00,SWITZERLAND,SWISS CUP - 1/32-FINALS,Meyrin,Servette,"3,5","3,6",2,"1,75","2,05","1,67","2,1",SWITZERLAND - SWISS CUP,SWISS CUP,SWITZERLAND
19.08.2023,16:00,SWITZERLAND,SWISS CUP - 1/32-FINALS,Porrentruy,Bosporus,"3,5","3,6",2,"1,75","2,05","1,67","2,1",SWITZERLAND - SWISS CUP,SWISS CUP,SWITZERLAND
19.08.2023,16:00,SWITZERLAND,SWISS CUP - 1/32-FINALS,Red Star Zurich,Zurich,"3,5","3,6",2,"1,75","2,05","1,67","2,1",SWITZERLAND - SWISS CUP,SWISS CUP,SWITZERLAND
19.08.2023,17:00,SWITZERLAND,SWISS CUP - 1/32-FINALS,Taverne,Bruhl,"3,5","3,6",2,"1,75","2,05","1,67","2,1",SWITZERLAND - SWISS CUP,SWISS CUP,SWITZERLAND
19.08.2023,18:00,SWITZERLAND,SWISS CUP - 1/32-FINALS,Iliria,La Chaux-De-Fonds,"3,5","3,6",2,"1,75","2,05","1,67","2,1",SWITZERLAND - SWISS CUP,SWISS CUP,SWITZERLAND
19.08.2023,18:00,SWITZERLAND,SWISS CUP - 1/32-FINALS,Vevey,Lausanne,"3,5","3,6",2,"1,75","2,05","1,67","2,1",SWITZERLAND - SWISS CUP,SWISS CUP,SWITZERLAND
19.08.2023,12:00,TAJIKISTAN,VYSSHAYA LIGA - ROUND 18,CSKA Pomir Dushanbe,Eskhata,"3,5","3,6",2,"1,75","2,05","1,67","2,1",TAJIKISTAN - VYSSHAYA LIGA,VYSSHAYA LIGA,TAJIKISTAN
19.08.2023,12:00,TAJIKISTAN,VYSSHAYA LIGA - ROUND 18,Faizkand,Khosilot Parkhar,"3,5","3,6",2,"1,75","2,05","1,67","2,1",TAJIKISTAN - VYSSHAYA LIGA,VYSSHAYA LIGA,TAJIKISTAN
19.08.2023,12:00,TAJIKISTAN,VYSSHAYA LIGA - ROUND 18,Khatlon,Regar-TadAZ,"3,5","3,6",2,"1,75","2,05","1,67","2,1",TAJIKISTAN - VYSSHAYA LIGA,VYSSHAYA LIGA,TAJIKISTAN
19.08.2023,13:00,TANZANIA,LIGI KUU BARA - ROUND 2,Ihefu,Kagera Sugar,"3,5","3,6",2,"1,75","2,05","1,67","2,1",TANZANIA - LIGI KUU BARA,LIGI KUU BARA,TANZANIA
19.08.2023,16:00,TANZANIA,LIGI KUU BARA - ROUND 2,Namungo,Kinondoni MC,"3,5","3,6",2,"1,75","2,05","1,67","2,1",TANZANIA - LIGI KUU BARA,LIGI KUU BARA,TANZANIA
19.08.2023,11:00,THAILAND,THAI LEAGUE 1 - ROUND 2,Bangkok Utd,Muang Thong Utd,"3,5","3,6",2,"1,75","2,05","1,67","2,1",THAILAND - THAI LEAGUE 1,THAI LEAGUE 1,THAILAND
19.08.2023,12:00,THAILAND,THAI LEAGUE 1 - ROUND 2,Ratchaburi,Nakhon Pathom,"3,5","3,6",2,"1,75","2,05","1,67","2,1",THAILAND - THAI LEAGUE 1,THAI LEAGUE 1,THAILAND
19.08.2023,13:00,THAILAND,THAI LEAGUE 1 - ROUND 2,Chiangrai Utd,Uthai Thani,"3,5","3,6",2,"1,75","2,05","1,67","2,1",THAILAND - THAI LEAGUE 1,THAI LEAGUE 1,THAILAND
19.08.2023,15:30,TUNISIA,LIGUE PROFESSIONNELLE 1 - ROUND 1,Ben Guerdane,Club Africain,"3,5","3,6",2,"1,75","2,05","1,67","2,1",TUNISIA - LIGUE PROFESSIONNELLE 1,LIGUE PROFESSIONNELLE 1,TUNISIA
19.08.2023,15:30,TUNISIA,LIGUE PROFESSIONNELLE 1 - ROUND 1,Esperance Tunis,AS Marsa,"3,5","3,6",2,"1,75","2,05","1,67","2,1",TUNISIA - LIGUE PROFESSIONNELLE 1,LIGUE PROFESSIONNELLE 1,TUNISIA
19.08.2023,15:30,TUNISIA,LIGUE PROFESSIONNELLE 1 - ROUND 1,Soliman,Stade Tunisien,"3,5","3,6",2,"1,75","2,05","1,67","2,1",TUNISIA - LIGUE PROFESSIONNELLE 1,LIGUE PROFESSIONNELLE 1,TUNISIA
19.08.2023,16:15,TURKEY,SUPER LIG - ROUND 2,Rizespor,Alanyaspor,"2,3","3,4","2,8","1,67","2,15","1,57","2,25",TURKEY - SUPER LIG,SUPER LIG,TURKEY
19.08.2023,18:45,TURKEY,SUPER LIG - ROUND 2,Galatasaray,Trabzonspor,"1,6","3,8","5,25","1,5","2,5","1,53","2,38",TURKEY - SUPER LIG,SUPER LIG,TURKEY
19.08.2023,18:45,TURKEY,SUPER LIG - ROUND 2,Hatayspor,Kasimpasa,"2,38","3,6","2,63","1,57","2,35","1,5","2,5",TURKEY - SUPER LIG,SUPER LIG,TURKEY
19.08.2023,14:00,TURKEY,1. LIG - ROUND 2,Bodrumspor,Erzurumspor,"1,45",4,6,"1,9","1,9",2,"1,73",TURKEY - 1. LIG,1. LIG,TURKEY
19.08.2023,16:15,TURKEY,1. LIG - ROUND 2,Umraniyespor,Goztepe,"2,3","3,4","2,7","1,75","2,05","1,62","2,2",TURKEY - 1. LIG,1. LIG,TURKEY
19.08.2023,18:45,TURKEY,1. LIG - ROUND 2,Adanaspor AS,Sanliurfaspor,"3,1","3,3","2,2","1,88","1,93","1,67","2,1",TURKEY - 1. LIG,1. LIG,TURKEY
19.08.2023,13:00,TURKMENISTAN,YOKARY LIGA - ROUND 14,Ahal,Sagadam,"3,1","3,3","2,2","1,88","1,93","1,67","2,1",TURKMENISTAN - YOKARY LIGA,YOKARY LIGA,TURKMENISTAN
19.08.2023,13:00,TURKMENISTAN,YOKARY LIGA - ROUND 14,Altyn Asyr,Kopetdag Asgabat,"3,1","3,3","2,2","1,88","1,93","1,67","2,1",TURKMENISTAN - YOKARY LIGA,YOKARY LIGA,TURKMENISTAN
19.08.2023,12:00,UKRAINE,PREMIER LEAGUE - ROUND 4,Veres-Rivne,Vorskla Poltava,"3,1","3,3","2,2","1,88","1,93","1,67","2,1",UKRAINE - PREMIER LEAGUE,PREMIER LEAGUE,UKRAINE
19.08.2023,14:00,UKRAINE,PREMIER LEAGUE - ROUND 4,Metalist 1925,Minaj,"3,1","3,3","2,2","1,88","1,93","1,67","2,1",UKRAINE - PREMIER LEAGUE,PREMIER LEAGUE,UKRAINE
19.08.2023,16:00,UKRAINE,PREMIER LEAGUE - ROUND 4,Rukh Lviv,Kolos Kovalivka,"3,1","3,3","2,2","1,88","1,93","1,67","2,1",UKRAINE - PREMIER LEAGUE,PREMIER LEAGUE,UKRAINE
19.08.2023,09:00,UKRAINE,PERSHA LIGA - ROUND 4,FC Chernihiv,FSC Mariupol,"3,1","3,3","2,2","1,88","1,93","1,67","2,1",UKRAINE - PERSHA LIGA,PERSHA LIGA,UKRAINE
19.08.2023,12:00,UKRAINE,PERSHA LIGA - ROUND 4,Dinaz Vyshgorod,Viktoria,"3,1","3,3","2,2","1,88","1,93","1,67","2,1",UKRAINE - PERSHA LIGA,PERSHA LIGA,UKRAINE
19.08.2023,12:30,UKRAINE,PERSHA LIGA - ROUND 4,Hirnyk-Sport,Kremin,"3,1","3,3","2,2","1,88","1,93","1,67","2,1",UKRAINE - PERSHA LIGA,PERSHA LIGA,UKRAINE
19.08.2023,12:30,UKRAINE,PERSHA LIGA - ROUND 4,Khust,Ahrobiznes Volochysk,"3,1","3,3","2,2","1,88","1,93","1,67","2,1",UKRAINE - PERSHA LIGA,PERSHA LIGA,UKRAINE
19.08.2023,13:00,UKRAINE,PERSHA LIGA - ROUND 4,SC Poltava,MFC Metalurh,"3,1","3,3","2,2","1,88","1,93","1,67","2,1",UKRAINE - PERSHA LIGA,PERSHA LIGA,UKRAINE
19.08.2023,13:30,UKRAINE,PERSHA LIGA - ROUND 4,Podillya Khmelnytskyi,Epitsentr,"3,1","3,3","2,2","1,88","1,93","1,67","2,1",UKRAINE - PERSHA LIGA,PERSHA LIGA,UKRAINE
19.08.2023,14:00,UKRAINE,PERSHA LIGA - ROUND 4,Inhulets,Livyi Bereg,"3,1","3,3","2,2","1,88","1,93","1,67","2,1",UKRAINE - PERSHA LIGA,PERSHA LIGA,UKRAINE
19.08.2023,14:00,UNITED ARAB EMIRATES,UAE LEAGUE - ROUND 1,Al Wasl,Emirates Club,"3,1","3,3","2,2","1,88","1,93","1,67","2,1",UNITED ARAB EMIRATES - UAE LEAGUE,UAE LEAGUE,UNITED ARAB EMIRATES
19.08.2023,14:00,UNITED ARAB EMIRATES,UAE LEAGUE - ROUND 1,Khorfakkan,Hatta,"3,1","3,3","2,2","1,88","1,93","1,67","2,1",UNITED ARAB EMIRATES - UAE LEAGUE,UAE LEAGUE,UNITED ARAB EMIRATES
19.08.2023,16:30,UNITED ARAB EMIRATES,UAE LEAGUE - ROUND 1,Al Nasr,Al Jazira,"3,1","3,3","2,2","1,88","1,93","1,67","2,1",UNITED ARAB EMIRATES - UAE LEAGUE,UAE LEAGUE,UNITED ARAB EMIRATES
19.08.2023,13:00,URUGUAY,PRIMERA DIVISION - CLAUSURA - ROUND 1,River Plate,Cerro Largo,"2,2","3,2","3,4","2,35","1,57",2,"1,73",URUGUAY - PRIMERA DIVISION - CLAUSURA,CLAUSURA,URUGUAY - PRIMERA DIVISION
19.08.2023,15:30,URUGUAY,PRIMERA DIVISION - CLAUSURA - ROUND 1,Fenix,Defensor Sp.,"3,2","3,2","2,25","2,25","1,62","1,91","1,8",URUGUAY - PRIMERA DIVISION - CLAUSURA,CLAUSURA,URUGUAY - PRIMERA DIVISION
19.08.2023,18:30,URUGUAY,PRIMERA DIVISION - CLAUSURA - ROUND 1,CA Cerro,Penarol,5,"3,8","1,65","2,15","1,67","2,1","1,67",URUGUAY - PRIMERA DIVISION - CLAUSURA,CLAUSURA,URUGUAY - PRIMERA DIVISION
19.08.2023,21:00,URUGUAY,PRIMERA DIVISION - CLAUSURA - ROUND 1,Wanderers,La Luz,"2,15","3,4","3,25","2,05","1,75","1,83","1,83",URUGUAY - PRIMERA DIVISION - CLAUSURA,CLAUSURA,URUGUAY - PRIMERA DIVISION
19.08.2023,01:00,USA,USL CHAMPIONSHIP,FC Tulsa,Tampa Bay,"2,15","3,4","3,25","2,05","1,75","1,83","1,83",USA,,USA
19.08.2023,21:30,USA,USL CHAMPIONSHIP,Birmingham,Louisville City,"2,15","3,4","3,25","2,05","1,75","1,83","1,83",USA,,USA
19.08.2023,23:00,USA,USL CHAMPIONSHIP,Hartford Athletic,Miami FC,"2,15","3,4","3,25","2,05","1,75","1,83","1,83",USA,,USA
19.08.2023,23:30,USA,USL CHAMPIONSHIP,Detroit,Las Vegas Lights,"2,15","3,4","3,25","2,05","1,75","1,83","1,83",USA,,USA
19.08.2023,23:30,USA,USL CHAMPIONSHIP,Loudoun,Sacramento Republic,"2,15","3,4","3,25","2,05","1,75","1,83","1,83",USA,,USA
19.08.2023,00:00,USA,NWSL WOMEN,Kansas City Current W,Reign W,"2,15","3,4","3,25","2,05","1,75","1,83","1,83",USA,,USA
19.08.2023,23:30,USA,NWSL WOMEN,Racing Louisville W,Angel City W,"2,15","3,4","3,25","2,05","1,75","1,83","1,83",USA,,USA
19.08.2023,14:00,UZBEKISTAN,SUPER LEAGUE - ROUND 17,Pakhtakor,Metallurg Bekabad,"2,15","3,4","3,25","2,05","1,75","1,83","1,83",UZBEKISTAN - SUPER LEAGUE,SUPER LEAGUE,UZBEKISTAN
19.08.2023,15:00,UZBEKISTAN,SUPER LEAGUE - ROUND 17,Nasaf Qarshi,Qizilqum,"2,15","3,4","3,25","2,05","1,75","1,83","1,83",UZBEKISTAN - SUPER LEAGUE,SUPER LEAGUE,UZBEKISTAN
19.08.2023,19:00,VENEZUELA,LIGA FUTVE - ROUND 24,Estudiantes Merida,Monagas,"2,15","3,4","3,25","2,05","1,75","1,83","1,83",VENEZUELA - LIGA FUTVE,LIGA FUTVE,VENEZUELA
19.08.2023,21:40,VENEZUELA,LIGA FUTVE - ROUND 24,Puerto Cabello,Mineros,"2,15","3,4","3,25","2,05","1,75","1,83","1,83",VENEZUELA - LIGA FUTVE,LIGA FUTVE,VENEZUELA
19.08.2023,13:30,WALES,CYMRU PREMIER - ROUND 2,Cardiff Metropolitan,Bala,"2,15","3,4","3,25","2,05","1,75","1,83","1,83",WALES - CYMRU PREMIER,CYMRU PREMIER,WALES
19.08.2023,13:30,WALES,CYMRU PREMIER - ROUND 2,Pontypridd,TNS,"2,15","3,4","3,25","2,05","1,75","1,83","1,83",WALES - CYMRU PREMIER,CYMRU PREMIER,WALES
19.08.2023,16:15,WALES,CYMRU PREMIER - ROUND 2,Barry,Colwyn Bay,"2,15","3,4","3,25","2,05","1,75","1,83","1,83",WALES - CYMRU PREMIER,CYMRU PREMIER,WALES
19.08.2023,13:30,WALES,CYMRU SOUTH - ROUND 4,Abertillery Bluebirds,Briton Ferry,"2,15","3,4","3,25","2,05","1,75","1,83","1,83",WALES - CYMRU SOUTH,CYMRU SOUTH,WALES
19.08.2023,13:30,WALES,CYMRU SOUTH - ROUND 4,Cwmbran Celtic,Llantwit Major,"2,15","3,4","3,25","2,05","1,75","1,83","1,83",WALES - CYMRU SOUTH,CYMRU SOUTH,WALES
19.08.2023,13:30,WALES,CYMRU SOUTH - ROUND 4,Trefelin,Pontardawe,"2,15","3,4","3,25","2,05","1,75","1,83","1,83",WALES - CYMRU SOUTH,CYMRU SOUTH,WALES
19.08.2023,13:30,WALES,CYMRU NORTH - ROUND 4,Llanidloes,Airbus,"2,15","3,4","3,25","2,05","1,75","1,83","1,83",WALES - CYMRU NORTH,CYMRU NORTH,WALES
19.08.2023,13:30,WALES,CYMRU NORTH - ROUND 4,Mold Alexandra,Bangor 1876,"2,15","3,4","3,25","2,05","1,75","1,83","1,83",WALES - CYMRU NORTH,CYMRU NORTH,WALES
19.08.2023,13:30,WALES,CYMRU NORTH - ROUND 4,Porthmadog,Guilsfield,"2,15","3,4","3,25","2,05","1,75","1,83","1,83",WALES - CYMRU NORTH,CYMRU NORTH,WALES
19.08.2023,09:00,WORLD,FRIENDLY INTERNATIONAL,Uzbekistan U16,Croatia U17,"2,15","3,4","3,25","2,05","1,75","1,83","1,83",WORLD,,WORLD
19.08.2023,13:30,WORLD,FRIENDLY INTERNATIONAL,Hungary U17,Iceland U17,"2,15","3,4","3,25","2,05","1,75","1,83","1,83",WORLD,,WORLD
19.08.2023,08:00,WORLD,CLUB FRIENDLY,Alcoyano (Esp),Seleccion AFE (Esp),"2,15","3,4","3,25","2,05","1,75","1,83","1,83",WORLD,,WORLD
19.08.2023,08:00,WORLD,CLUB FRIENDLY,Antequera (Esp),Sevilla FC B (Esp),"2,15","3,4","3,25","2,05","1,75","1,83","1,83",WORLD,,WORLD
19.08.2023,08:00,WORLD,CLUB FRIENDLY,San Sebastian Reyes (Esp),Las Rozas (Esp),"2,15","3,4","3,25","2,05","1,75","1,83","1,83",WORLD,,WORLD
19.08.2023,08:00,WORLD,CLUB FRIENDLY,Tres Cantos (Esp),Marchamalo (Esp),"2,15","3,4","3,25","2,05","1,75","1,83","1,83",WORLD,,WORLD
19.08.2023,08:00,WORLD,CLUB FRIENDLY,Trival Valderas (Esp),Ursaria (Esp),"2,15","3,4","3,25","2,05","1,75","1,83","1,83",WORLD,,WORLD
19.08.2023,08:30,WORLD,CLUB FRIENDLY,Stiinta Miroslava (Rou),Foresta Suceava (Rou),"2,15","3,4","3,25","2,05","1,75","1,83","1,83",WORLD,,WORLD
19.08.2023,09:00,WORLD,CLUB FRIENDLY,Durango (Esp),Arenas Club (Esp),"2,15","3,4","3,25","2,05","1,75","1,83","1,83",WORLD,,WORLD
19.08.2023,09:30,WORLD,CLUB FRIENDLY,Barakaldo (Esp),Osasuna B (Esp),"2,15","3,4","3,25","2,05","1,75","1,83","1,83",WORLD,,WORLD
19.08.2023,12:00,WORLD,CLUB FRIENDLY,Aguilas FC (Esp),El Palo (Esp),"2,15","3,4","3,25","2,05","1,75","1,83","1,83",WORLD,,WORLD
19.08.2023,12:00,WORLD,CLUB FRIENDLY,Gernika (Esp),Mutilvera (Esp),"2,15","3,4","3,25","2,05","1,75","1,83","1,83",WORLD,,WORLD
19.08.2023,12:00,WORLD,CLUB FRIENDLY,Osasuna B (Esp),AD San Juan (Esp),"2,15","3,4","3,25","2,05","1,75","1,83","1,83",WORLD,,WORLD
19.08.2023,12:00,WORLD,CLUB FRIENDLY,Thader (Esp),Ilicitano (Esp),"2,15","3,4","3,25","2,05","1,75","1,83","1,83",WORLD,,WORLD
19.08.2023,12:00,WORLD,CLUB FRIENDLY,Unionistas (Esp),R. Sociedad B (Esp),"2,15","3,4","3,25","2,05","1,75","1,83","1,83",WORLD,,WORLD
19.08.2023,15:00,WORLD,CLUB FRIENDLY,AlbinoLeffe (Ita),Giana Erminio (Ita),"2,15","3,4","3,25","2,05","1,75","1,83","1,83",WORLD,,WORLD
19.08.2023,15:00,WORLD,CLUB FRIENDLY,Follonica Gavorrano (Ita),Arezzo (Ita),"2,15","3,4","3,25","2,05","1,75","1,83","1,83",WORLD,,WORLD
19.08.2023,16:00,WORLD,CLUB FRIENDLY,Arandina (Esp),Naxara (Esp),"2,15","3,4","3,25","2,05","1,75","1,83","1,83",WORLD,,WORLD
19.08.2023,16:00,WORLD,CLUB FRIENDLY,Cannes (Fra),Aubagne (Fra),"2,15","3,4","3,25","2,05","1,75","1,83","1,83",WORLD,,WORLD
19.08.2023,16:00,WORLD,CLUB FRIENDLY,Guarnizo (Esp),Cayon (Esp),"2,15","3,4","3,25","2,05","1,75","1,83","1,83",WORLD,,WORLD
19.08.2023,16:30,WORLD,CLUB FRIENDLY,Arzua (Esp),Polvorin (Esp),"2,15","3,4","3,25","2,05","1,75","1,83","1,83",WORLD,,WORLD
19.08.2023,16:30,WORLD,CLUB FRIENDLY,Aviles Stadium (Esp),Marino de Luanco (Esp),"2,15","3,4","3,25","2,05","1,75","1,83","1,83",WORLD,,WORLD
19.08.2023,16:30,WORLD,CLUB FRIENDLY,Gudja (Mlt),Marsaxlokk (Mlt),"2,15","3,4","3,25","2,05","1,75","1,83","1,83",WORLD,,WORLD
19.08.2023,17:00,WORLD,CLUB FRIENDLY,Arosa SC (Esp),Racing Club Villalbes (Esp),"2,15","3,4","3,25","2,05","1,75","1,83","1,83",WORLD,,WORLD
19.08.2023,17:00,WORLD,CLUB FRIENDLY,Atl. Astorga (Esp),Ponferradina (Esp),"2,15","3,4","3,25","2,05","1,75","1,83","1,83",WORLD,,WORLD
19.08.2023,17:00,WORLD,CLUB FRIENDLY,CD Estepona (Esp),Malaga (Esp),"2,15","3,4","3,25","2,05","1,75","1,83","1,83",WORLD,,WORLD
19.08.2023,17:00,WORLD,CLUB FRIENDLY,Compostela (Esp),Leonesa (Esp),"2,15","3,4","3,25","2,05","1,75","1,83","1,83",WORLD,,WORLD
19.08.2023,17:00,WORLD,CLUB FRIENDLY,Guijuelo (Esp),Alcorcon B (Esp),"2,15","3,4","3,25","2,05","1,75","1,83","1,83",WORLD,,WORLD
19.08.2023,17:00,WORLD,CLUB FRIENDLY,Palencia CA (Esp),Torrelavega (Esp),"2,15","3,4","3,25","2,05","1,75","1,83","1,83",WORLD,,WORLD
19.08.2023,17:00,WORLD,CLUB FRIENDLY,Paris 13 Atl. (Fra),Racing Club de France (Fra),"2,15","3,4","3,25","2,05","1,75","1,83","1,83",WORLD,,WORLD
19.08.2023,17:00,WORLD,CLUB FRIENDLY,Real Avila (Esp),Numancia (Esp),"2,15","3,4","3,25","2,05","1,75","1,83","1,83",WORLD,,WORLD
19.08.2023,17:00,WORLD,CLUB FRIENDLY,UD Logrones (Esp),R. Union (Esp),"2,15","3,4","3,25","2,05","1,75","1,83","1,83",WORLD,,WORLD
19.08.2023,17:30,WORLD,CLUB FRIENDLY,Arenteiro (Esp),Dep. La Coruna (Esp),"2,15","3,4","3,25","2,05","1,75","1,83","1,83",WORLD,,WORLD
19.08.2023,17:30,WORLD,CLUB FRIENDLY,Castelldefels (Esp),CE Europa (Esp),"2,15","3,4","3,25","2,05","1,75","1,83","1,83",WORLD,,WORLD
19.08.2023,17:30,WORLD,CLUB FRIENDLY,Olot (Esp),Badalona Futur (Esp),"2,15","3,4","3,25","2,05","1,75","1,83","1,83",WORLD,,WORLD
19.08.2023,18:00,WORLD,CLUB FRIENDLY,Real Aviles (Esp),Lugo (Esp),"2,15","3,4","3,25","2,05","1,75","1,83","1,83",WORLD,,WORLD
19.08.2023,18:00,WORLD,CLUB FRIENDLY,Zamora (Esp),Salamanca (Esp),"2,15","3,4","3,25","2,05","1,75","1,83","1,83",WORLD,,WORLD
19.08.2023,18:30,WORLD,CLUB FRIENDLY,Baleares (Esp),Hercules (Esp),"2,15","3,4","3,25","2,05","1,75","1,83","1,83",WORLD,,WORLD
19.08.2023,18:30,WORLD,CLUB FRIENDLY,Cacereno (Esp),CD Badajoz (Esp),"2,15","3,4","3,25","2,05","1,75","1,83","1,83",WORLD,,WORLD
19.08.2023,18:30,WORLD,CLUB FRIENDLY,L.R. Vicenza (Ita),Arzignano (Ita),"2,15","3,4","3,25","2,05","1,75","1,83","1,83",WORLD,,WORLD
19.08.2023,18:45,WORLD,CLUB FRIENDLY,Sliema (Mlt),Valletta (Mlt),"2,15","3,4","3,25","2,05","1,75","1,83","1,83",WORLD,,WORLD
19.08.2023,19:00,WORLD,CLUB FRIENDLY,Toledo (Esp),Jaen (Esp),"2,15","3,4","3,25","2,05","1,75","1,83","1,83",WORLD,,WORLD
19.08.2023,10:00,WORLD,CLUB FRIENDLY WOMEN,Real Oviedo W (Esp),Gijon W (Esp),"2,15","3,4","3,25","2,05","1,75","1,83","1,83",WORLD,,WORLD
19.08.2023,10:00,WORLD,CLUB FRIENDLY WOMEN,Real Sociedad W (Esp),Granadilla Tenerife W (Esp),"2,15","3,4","3,25","2,05","1,75","1,83","1,83",WORLD,,WORLD
19.08.2023,10:30,WORLD,CLUB FRIENDLY WOMEN,Alaves W (Esp),Eibar W (Esp),"2,15","3,4","3,25","2,05","1,75","1,83","1,83",WORLD,,WORLD
19.08.2023,12:00,WORLD,CLUB FRIENDLY WOMEN,Bayer Leverkusen W (Ger),PSV W (Ned),"2,15","3,4","3,25","2,05","1,75","1,83","1,83",WORLD,,WORLD
19.08.2023,12:00,WORLD,CLUB FRIENDLY WOMEN,SGS Essen W (Ger),PEC Zwolle W (Ned),"2,15","3,4","3,25","2,05","1,75","1,83","1,83",WORLD,,WORLD
19.08.2023,12:00,WORLD,CLUB FRIENDLY WOMEN,Sittard W (Ned),Koln W (Ger),"2,15","3,4","3,25","2,05","1,75","1,83","1,83",WORLD,,WORLD
19.08.2023,12:00,WORLD,CLUB FRIENDLY WOMEN,Twente W (Ned),St. Liege W (Bel),"2,15","3,4","3,25","2,05","1,75","1,83","1,83",WORLD,,WORLD
19.08.2023,13:00,WORLD,CLUB FRIENDLY WOMEN,Djurgarden W (Swe),Linkoping W (Swe),"2,15","3,4","3,25","2,05","1,75","1,83","1,83",WORLD,,WORLD
19.08.2023,13:00,WORLD,CLUB FRIENDLY WOMEN,Feyenoord W (Ned),RSC Anderlecht W (Bel),"2,15","3,4","3,25","2,05","1,75","1,83","1,83",WORLD,,WORLD
19.08.2023,13:00,WORLD,CLUB FRIENDLY WOMEN,La Roche W (Fra),Nantes W (Fra),"2,15","3,4","3,25","2,05","1,75","1,83","1,83",WORLD,,WORLD
19.08.2023,14:00,WORLD,CLUB FRIENDLY WOMEN,Bordeaux W (Fra),Tours W (Fra),"2,15","3,4","3,25","2,05","1,75","1,83","1,83",WORLD,,WORLD
19.08.2023,14:00,WORLD,CLUB FRIENDLY WOMEN,Le Havre W (Fra),Waregem W (Bel),"2,15","3,4","3,25","2,05","1,75","1,83","1,83",WORLD,,WORLD
19.08.2023,14:00,WORLD,CLUB FRIENDLY WOMEN,Lille W (Fra),Metz W (Fra),"2,15","3,4","3,25","2,05","1,75","1,83","1,83",WORLD,,WORLD
19.08.2023,14:00,WORLD,CLUB FRIENDLY WOMEN,Rosengard W (Swe),Valerenga W (Nor),"2,15","3,4","3,25","2,05","1,75","1,83","1,83",WORLD,,WORLD
19.08.2023,14:00,WORLD,CLUB FRIENDLY WOMEN,Vittsjo W (Swe),Lyn W (Nor),"2,15","3,4","3,25","2,05","1,75","1,83","1,83",WORLD,,WORLD
19.08.2023,14:30,WORLD,CLUB FRIENDLY WOMEN,Bochum W (Ger),Duisburg W (Ger),"2,15","3,4","3,25","2,05","1,75","1,83","1,83",WORLD,,WORLD
19.08.2023,15:00,WORLD,CLUB FRIENDLY WOMEN,Servette Geneve FC W (Sui),Freiburg W (Ger),"2,15","3,4","3,25","2,05","1,75","1,83","1,83",WORLD,,WORLD
19.08.2023,15:15,WORLD,CLUB FRIENDLY WOMEN,Lyon W (Fra),Marseille W (Fra),"2,15","3,4","3,25","2,05","1,75","1,83","1,83",WORLD,,WORLD
19.08.2023,15:15,WORLD,CLUB FRIENDLY WOMEN,Nantes W (Fra),Tours W (Fra),"2,15","3,4","3,25","2,05","1,75","1,83","1,83",WORLD,,WORLD
19.08.2023,16:00,WORLD,CLUB FRIENDLY WOMEN,Austria Vienna W (Aut),Graz W (Aut),"2,15","3,4","3,25","2,05","1,75","1,83","1,83",WORLD,,WORLD
19.08.2023,16:15,WORLD,CLUB FRIENDLY WOMEN,La Roche W (Fra),Bordeaux W (Fra),"2,15","3,4","3,25","2,05","1,75","1,83","1,83",WORLD,,WORLD
19.08.2023,17:00,WORLD,CLUB FRIENDLY WOMEN,Barcelona W (Esp),Montpellier W (Fra),"2,15","3,4","3,25","2,05","1,75","1,83","1,83",WORLD,,WORLD
19.08.2023,17:00,WORLD,CLUB FRIENDLY WOMEN,Yverdon W (Sui),Thonon Evian W (Fra),"2,15","3,4","3,25","2,05","1,75","1,83","1,83",WORLD,,WORLD
19.08.2023,18:30,WORLD,CLUB FRIENDLY WOMEN,Bordeaux W (Fra),Nantes W (Fra),"2,15","3,4","3,25","2,05","1,75","1,83","1,83",WORLD,,WORLD
19.08.2023,11:00,ZAMBIA,SUPER LEAGUE - ROUND 1,NAPSA Stars,ZESCO,"2,15","3,4","3,25","2,05","1,75","1,83","1,83",ZAMBIA - SUPER LEAGUE,SUPER LEAGUE,ZAMBIA
19.08.2023,13:00,ZAMBIA,SUPER LEAGUE - ROUND 1,Green Eagles,Mutondo Stars,"2,15","3,4","3,25","2,05","1,75","1,83","1,83",ZAMBIA - SUPER LEAGUE,SUPER LEAGUE,ZAMBIA
19.08.2023,13:00,ZAMBIA,SUPER LEAGUE - ROUND 1,Nkana,Red Arrows,"2,15","3,4","3,25","2,05","1,75","1,83","1,83",ZAMBIA - SUPER LEAGUE,SUPER LEAGUE,ZAMBIA
19.08.2023,13:00,ZAMBIA,SUPER LEAGUE - ROUND 1,Trident,Kansanshi,"2,15","3,4","3,25","2,05","1,75","1,83","1,83",ZAMBIA - SUPER LEAGUE,SUPER LEAGUE,ZAMBIA
19.08.2023,13:00,ZIMBABWE,PREMIER SOCCER LEAGUE - ROUND 19,Bulawayo Chiefs,ZPC Kariba,"2,15","3,4","3,25","2,05","1,75","1,83","1,83",ZIMBABWE - PREMIER SOCCER LEAGUE,PREMIER SOCCER LEAGUE,ZIMBABWE
19.08.2023,13:00,ZIMBABWE,PREMIER SOCCER LEAGUE - ROUND 19,CAPS Utd,Ngezi Platinum,"2,15","3,4","3,25","2,05","1,75","1,83","1,83",ZIMBABWE - PREMIER SOCCER LEAGUE,PREMIER SOCCER LEAGUE,ZIMBABWE
19.08.2023,13:00,ZIMBABWE,PREMIER SOCCER LEAGUE - ROUND 19,Cranborne Bullets,Platinum,"2,15","3,4","3,25","2,05","1,75","1,83","1,83",ZIMBABWE - PREMIER SOCCER LEAGUE,PREMIER SOCCER LEAGUE,ZIMBABWE
19.08.2023,13:00,ZIMBABWE,PREMIER SOCCER LEAGUE - ROUND 19,Herentals,GreenFuel,"2,15","3,4","3,25","2,05","1,75","1,83","1,83",ZIMBABWE - PREMIER SOCCER LEAGUE,PREMIER SOCCER LEAGUE,ZIMBABWE
19.08.2023,13:00,ZIMBABWE,PREMIER SOCCER LEAGUE - ROUND 19,Simba Bhora,Chicken Inn,"2,15","3,4","3,25","2,05","1,75","1,83","1,83",ZIMBABWE - PREMIER SOCCER LEAGUE,PREMIER SOCCER LEAGUE,ZIMBABWE
